file_name,creator,captured_at,compass_angle,is_pano,sequence,mapillary_url,lat,lon
258080450451168.jpg,epicspongee,2023-08-21T18:34:19Z,3.7021626194267,True,uVB4I5dyAxfv3k19p0wocF,https://www.mapillary.com/app/?pKey=258080450451168,41.917510613937,-87.653397395775
3527623987491368.jpg,epicspongee,2023-08-21T18:34:18Z,0.0,True,uVB4I5dyAxfv3k19p0wocF,https://www.mapillary.com/app/?pKey=3527623987491368,41.917479472436,-87.653397328604
700901311879611.jpg,epicspongee,2023-08-21T18:34:05Z,7.84590008126,True,uVB4I5dyAxfv3k19p0wocF,https://www.mapillary.com/app/?pKey=700901311879611,41.91682523267,-87.653337397725
1218696825477356.jpg,epicspongee,2023-08-21T11:39:52Z,270.91110904813,True,iDQ4pFBTdqZ87j5h9LxzyS,https://www.mapillary.com/app/?pKey=1218696825477356,41.913689539141,-87.652492801229
2025644187785855.jpg,epicspongee,2023-08-21T11:39:52Z,270.4161865534,True,iDQ4pFBTdqZ87j5h9LxzyS,https://www.mapillary.com/app/?pKey=2025644187785855,41.913691970157,-87.652444286622
315055811030646.jpg,epicspongee,2023-08-21T11:39:52Z,275.05231213133,True,iDQ4pFBTdqZ87j5h9LxzyS,https://www.mapillary.com/app/?pKey=315055811030646,41.913696145891,-87.65239159862
1002843544187973.jpg,hmhtb,2023-07-20T23:49:12Z,176.39,True,qf4CLswW0T9A7JQIMVkBXl,https://www.mapillary.com/app/?pKey=1002843544187973,41.916766143791,-87.642982405766
1003543314407615.jpg,hmhtb,2023-07-20T23:49:12Z,185.61,True,21cJFAwgl8qsyxiRoSQIC7,https://www.mapillary.com/app/?pKey=1003543314407615,41.914681300842,-87.642935418804
1005378560460945.jpg,hmhtb,2023-07-20T23:49:12Z,166.86,True,9JorUHFiSEwvA54TQLbj6n,https://www.mapillary.com/app/?pKey=1005378560460945,41.913991115665,-87.643974324422
743734547923524.jpg,epicspongee,2024-05-12T14:12:34Z,336.6935709013,True,bKzMZdFgIunx2AvGEweRho,https://www.mapillary.com/app/?pKey=743734547923524,41.917204517697,-87.635285376572
654320733541201.jpg,epicspongee,2024-05-12T14:12:34Z,333.61517903015,True,bKzMZdFgIunx2AvGEweRho,https://www.mapillary.com/app/?pKey=654320733541201,41.917178760136,-87.635268669218
417764601038100.jpg,epicspongee,2024-05-12T14:12:34Z,329.52883931188,True,bKzMZdFgIunx2AvGEweRho,https://www.mapillary.com/app/?pKey=417764601038100,41.917153484723,-87.635251265928
1552786332132996.jpg,epicspongee,2023-08-21T18:36:55Z,354.40870916253,True,uVB4I5dyAxfv3k19p0wocF,https://www.mapillary.com/app/?pKey=1552786332132996,41.924985721286,-87.653630485027
311652781355267.jpg,epicspongee,2023-08-21T18:36:55Z,355.52185271869,True,uVB4I5dyAxfv3k19p0wocF,https://www.mapillary.com/app/?pKey=311652781355267,41.924956785913,-87.653629724018
1000586504620407.jpg,epicspongee,2023-08-21T18:36:54Z,353.75583011547,True,uVB4I5dyAxfv3k19p0wocF,https://www.mapillary.com/app/?pKey=1000586504620407,41.924930022715,-87.653628863763
1531464471043534.jpg,epicspongee,2024-03-28T17:34:01Z,1.2177945941121,True,USoM7y8FPheLB2xAkncvwa,https://www.mapillary.com/app/?pKey=1531464471043534,41.925030147855,-87.646315295691
3777703599126955.jpg,epicspongee,2024-03-28T17:34:01Z,1.1839769591867,True,USoM7y8FPheLB2xAkncvwa,https://www.mapillary.com/app/?pKey=3777703599126955,41.925001925279,-87.646314798522
941803594115371.jpg,epicspongee,2024-03-28T17:34:00Z,1.0656085764107,True,USoM7y8FPheLB2xAkncvwa,https://www.mapillary.com/app/?pKey=941803594115371,41.92497333221,-87.64631443327
398335139842163.jpg,epicspongee,2024-05-12T14:14:25Z,333.617305381,True,bKzMZdFgIunx2AvGEweRho,https://www.mapillary.com/app/?pKey=398335139842163,41.923163026782,-87.63897909217
359203930467949.jpg,epicspongee,2024-05-12T14:14:24Z,336.26676680916,True,bKzMZdFgIunx2AvGEweRho,https://www.mapillary.com/app/?pKey=359203930467949,41.923136180331,-87.638961875182
968128181443596.jpg,epicspongee,2024-05-12T14:14:24Z,333.1012427311,True,bKzMZdFgIunx2AvGEweRho,https://www.mapillary.com/app/?pKey=968128181443596,41.923109321911,-87.638944969287
1046144131526483.jpg,mapillary01730,2026-06-16T13:23:45Z,165.37734658208,True,YDtHenIwcsvx6fOhKgRB2a,https://www.mapillary.com/app/?pKey=1046144131526483,41.92210270664,-87.630079210386
1109155778204597.jpg,mapillary01730,2026-06-16T13:23:45Z,167.31006808246,True,YDtHenIwcsvx6fOhKgRB2a,https://www.mapillary.com/app/?pKey=1109155778204597,41.922009774572,-87.630049237284
1793258501809085.jpg,mapillary01730,2026-06-16T13:23:45Z,168.38219947493,True,YDtHenIwcsvx6fOhKgRB2a,https://www.mapillary.com/app/?pKey=1793258501809085,41.92213359298,-87.630089361083
319022223923374.jpg,epicspongee,2023-08-21T18:39:29Z,357.16070500946,True,uVB4I5dyAxfv3k19p0wocF,https://www.mapillary.com/app/?pKey=319022223923374,41.932323165043,-87.653885004628
308013628383774.jpg,epicspongee,2023-08-21T18:39:28Z,358.62528515406,True,uVB4I5dyAxfv3k19p0wocF,https://www.mapillary.com/app/?pKey=308013628383774,41.932293700584,-87.653884985435
721240726716953.jpg,epicspongee,2023-08-21T18:39:28Z,357.33789487284,True,uVB4I5dyAxfv3k19p0wocF,https://www.mapillary.com/app/?pKey=721240726716953,41.932268138095,-87.653884715414
329056993509769.jpg,epicspongee,2024-03-28T17:36:33Z,1.1215628493885,True,USoM7y8FPheLB2xAkncvwa,https://www.mapillary.com/app/?pKey=329056993509769,41.93155963898,-87.646537099729
965633898089859.jpg,epicspongee,2024-03-28T17:36:33Z,3.547530771868,True,USoM7y8FPheLB2xAkncvwa,https://www.mapillary.com/app/?pKey=965633898089859,41.931531095907,-87.646539814022
408355161923833.jpg,epicspongee,2024-03-28T17:36:32Z,5.8991868668517,True,USoM7y8FPheLB2xAkncvwa,https://www.mapillary.com/app/?pKey=408355161923833,41.931504980471,-87.646542057977
982563960123651.jpg,epicspongee,2024-05-12T14:13:27Z,343.93497501773,True,F6Kzfi7q1EN2tMsn3mxocD,https://www.mapillary.com/app/?pKey=982563960123651,41.932496588908,-87.644788155808
1221765102592121.jpg,epicspongee,2024-05-12T14:13:26Z,351.80646324805,True,F6Kzfi7q1EN2tMsn3mxocD,https://www.mapillary.com/app/?pKey=1221765102592121,41.932471595562,-87.644778095514
3080487068754749.jpg,epicspongee,2024-05-12T14:13:26Z,346.91239765738,True,F6Kzfi7q1EN2tMsn3mxocD,https://www.mapillary.com/app/?pKey=3080487068754749,41.93244583261,-87.644768199687
1432023575493971.jpg,mapillary01730,2026-06-16T13:23:18Z,165.33004522035,True,YDtHenIwcsvx6fOhKgRB2a,https://www.mapillary.com/app/?pKey=1432023575493971,41.925298871664,-87.631200314446
1717446099516714.jpg,mapillary01730,2026-06-16T13:23:18Z,166.31494306561,True,YDtHenIwcsvx6fOhKgRB2a,https://www.mapillary.com/app/?pKey=1717446099516714,41.925268064795,-87.631190483195
1127840646480285.jpg,mapillary01730,2026-06-16T13:23:17Z,166.81736946386,True,YDtHenIwcsvx6fOhKgRB2a,https://www.mapillary.com/app/?pKey=1127840646480285,41.925163481181,-87.631091824834
731463645583452.jpg,epicspongee,2024-05-08T16:51:06Z,23.456549240065,True,UdnqGl7KRTWOZEQp4ux1wf,https://www.mapillary.com/app/?pKey=731463645583452,41.939801768914,-87.656553754253
419828494243947.jpg,epicspongee,2024-05-08T16:51:05Z,5.3121420112842,True,UdnqGl7KRTWOZEQp4ux1wf,https://www.mapillary.com/app/?pKey=419828494243947,41.939775039746,-87.656562207838
988325259964949.jpg,epicspongee,2024-05-08T16:50:31Z,56.09177911617,True,UdnqGl7KRTWOZEQp4ux1wf,https://www.mapillary.com/app/?pKey=988325259964949,41.939764396138,-87.656563009489
447100391015308.jpg,epicspongee,2024-04-29T17:03:44Z,270.00000134741,True,CfINOGPsBgkhtor709zmiV,https://www.mapillary.com/app/?pKey=447100391015308,41.938976603888,-87.652552929205
