ID,HOUSE_NUMBER,PRE_DIR,STREET_NAME,STREET_TYPE,FULL_ADDRESS_RANGE,BUILDING_NAME1,BUILDING_NAME2,MONTH_VIEW,TOTAL_ROOF_SQFT,VEGETATED_SQFT,FACT_SHEET,LATITUDE,LONGITUDE,LOCATION
123,11600,S,MARSHFIELD,AVE,11600-11750 S MARSHFIELD AVE, , ,August 2010,251665,41916,https://gisapps.cityofchicago.org/gisimages/Greenroofs/VR_123.pdf,41.68024732,-87.66462883,"(41.68024732, -87.66462883)"
355,5641,N,KENMORE,AVE,5641-5641 N KENMORE AVE, , ,August 2010,5197,2470,https://gisapps.cityofchicago.org/gisimages/Greenroofs/VR_355.pdf,41.98498146,-87.65614925,"(41.98498146, -87.65614925)"
083,1307,W,WRIGHTWOOD,AVE,1307-1311 W WRIGHTWOOD AVE, , ,August 2010,13457,978,https://gisapps.cityofchicago.org/gisimages/Greenroofs/VR_083.pdf,41.92832501,-87.66136808,"(41.92832501, -87.66136808)"
310,115,W,CHICAGO,AVE,115-115 W CHICAGO AVE,ACCESS LIVING, ,August 2010,10379,6925,https://gisapps.cityofchicago.org/gisimages/Greenroofs/VR_310.pdf,41.89631036,-87.6319193,"(41.89631036, -87.6319193)"
216,651,E,38TH,ST,651-651 E 38TH ST, , ,August 2010,7223,2481,https://gisapps.cityofchicago.org/gisimages/Greenroofs/VR_216.pdf,41.82557198,-87.61114043,"(41.82557198, -87.61114043)"
223,3809,S,VINCENNES,AVE,3809-3809 S VINCENNES AVE, , ,August 2010,3516,978,https://gisapps.cityofchicago.org/gisimages/Greenroofs/VR_223.pdf,41.82510339,-87.61255824,"(41.82510339, -87.61255824)"
233,4487,S,STATE,ST,4487-4487 S STATE ST, , ,August 2010,5225,3886,https://gisapps.cityofchicago.org/gisimages/Greenroofs/VR_233.pdf,41.81368058,-87.62650477,"(41.81368058, -87.62650477)"
101,1211,W,ROOSEVELT,RD,1211-1211 W ROOSEVELT RD, , ,August 2010,14773,7179,https://gisapps.cityofchicago.org/gisimages/Greenroofs/VR_101.pdf,41.8666502,-87.65701767,"(41.8666502, -87.65701767)"
069,4500,N,BROADWAY, ,4500-4500 N BROADWAY, , ,August 2010,16712,14352,https://gisapps.cityofchicago.org/gisimages/Greenroofs/VR_069.pdf,41.9638281,-87.65689909,"(41.9638281, -87.65689909)"
139,365,N,JEFFERSON,ST,365-365 N JEFFERSON ST, , ,August 2010,37927,12286,https://gisapps.cityofchicago.org/gisimages/Greenroofs/VR_139.pdf,41.88865292,-87.64216142,"(41.88865292, -87.64216142)"
102,1402,W,19TH,ST,1402-1402 W 19TH ST, , ,August 2010,1593,1151,https://gisapps.cityofchicago.org/gisimages/Greenroofs/VR_102.pdf,41.85594698,-87.66158668,"(41.85594698, -87.66158668)"
348,924,N,CLARK,ST,924-924 N CLARK ST, , ,August 2010,4261,957,https://gisapps.cityofchicago.org/gisimages/Greenroofs/VR_348.pdf,41.89955299,-87.63189495,"(41.89955299, -87.63189495)"
334,3448,E,CHELTENHAM,PL,3448-3448 E CHELTENHAM PL, , ,September 2010,1788,1478,https://gisapps.cityofchicago.org/gisimages/Greenroofs/VR_334.pdf,41.75442313,-87.54549379,"(41.75442313, -87.54549379)"
250,630,S,MICHIGAN,AVE,630-630 S MICHIGAN AVE, , ,August 2010,13156,4611,https://gisapps.cityofchicago.org/gisimages/Greenroofs/VR_250.pdf,41.87399442,-87.62475756,"(41.87399442, -87.62475756)"
235,542,S,CALUMET,AVE,542-542 S CALUMET AVE, , ,August 2010,12343,5266,https://gisapps.cityofchicago.org/gisimages/Greenroofs/VR_235.pdf,41.79879072,-87.61729444,"(41.79879072, -87.61729444)"
000,330,N,GREEN,ST,330-330 N GREEN ST, , ,August 2010,48806,13582,https://gisapps.cityofchicago.org/gisimages/Greenroofs/VR_000.pdf,41.88781649,-87.64912988,"(41.88781649, -87.64912988)"
088,1140,N,NORTH BRANCH,ST,1140-1140 N NORTH BRANCH ST, , ,August 2010,7944,7897,https://gisapps.cityofchicago.org/gisimages/Greenroofs/VR_088.pdf,41.90236548,-87.65544705,"(41.90236548, -87.65544705)"
353,505,N,MCCLURG,CT,505-505 N MCCLURG CT,PARKVIEW WEST, ,August 2010,109692,72791,https://gisapps.cityofchicago.org/gisimages/Greenroofs/VR_353.pdf,41.89145603,-87.61640368,"(41.89145603, -87.61640368)"
171,181,N,CLARK,ST,181-191 N CLARK ST,181 NORTH CLARK, ,August 2010,30809,12028,https://gisapps.cityofchicago.org/gisimages/Greenroofs/VR_171.pdf,41.8856067,-87.63038748,"(41.8856067, -87.63038748)"
116,2839,W,79TH,ST,2839-2839 W 79TH ST, , ,August 2010,12600,8950,https://gisapps.cityofchicago.org/gisimages/Greenroofs/VR_116.pdf,41.7496742,-87.69322964,"(41.7496742, -87.69322964)"
218,3750,S,LANGLEY,AVE,3750-3750 S LANGLEY AVE, , ,August 2010,5834,1719,https://gisapps.cityofchicago.org/gisimages/Greenroofs/VR_218.pdf,41.82637523,-87.61057372,"(41.82637523, -87.61057372)"
277,1007,W,HARRISON,ST,1007-1007 W HARRISON ST,UIC-BEHAVIORAL SCIENCES BLDG, ,August 2010,72199,1388,https://gisapps.cityofchicago.org/gisimages/Greenroofs/VR_277.pdf,41.87375439,-87.65226132,"(41.87375439, -87.65226132)"
309,901,N,RUSH,ST,901-901 N RUSH ST, , ,August 2010,42324,26497,https://gisapps.cityofchicago.org/gisimages/Greenroofs/VR_309.pdf,41.8996547,-87.62640595,"(41.8996547, -87.62640595)"
005,232,E,SUPERIOR,ST,232-254 E SUPERIOR ST, , ,August 2010,58431,11235,https://gisapps.cityofchicago.org/gisimages/Greenroofs/VR_005.pdf,41.89641295,-87.62094686,"(41.89641295, -87.62094686)"
121,1724,W,95TH,ST,1724-1724 W 95TH ST,FIRE HOUSE E121, ,August 2010,14648,4718,https://gisapps.cityofchicago.org/gisimages/Greenroofs/VR_121.pdf,41.72158913,-87.66578281,"(41.72158913, -87.66578281)"
248,10,W,JACKSON,BLVD,10-10 W JACKSON BLVD,IMMIGRATION AND NATURALIZATION SERVICES, ,August 2010,11723,7205,https://gisapps.cityofchicago.org/gisimages/Greenroofs/VR_248.pdf,41.87849564,-87.62803089,"(41.87849564, -87.62803089)"
270,170,W,POLK,ST,170-170 W POLK ST,PRINTERS CORNER, ,August 2010,10854,4918,https://gisapps.cityofchicago.org/gisimages/Greenroofs/VR_270.pdf,41.8723824,-87.63324655,"(41.8723824, -87.63324655)"
203,7756,S,WOODLAWN,AVE,7756-7756 S WOODLAWN AVE, , ,August 2010,14675,8070,https://gisapps.cityofchicago.org/gisimages/Greenroofs/VR_203.pdf,41.75369037,-87.59507374,"(41.75369037, -87.59507374)"
010,6355,W,BELMONT,AVE,6355-6355 W BELMONT AVE, , ,August 2010,10784,3578,https://gisapps.cityofchicago.org/gisimages/Greenroofs/VR_010.pdf,41.9379284,-87.7856248,"(41.9379284, -87.7856248)"
056,4509,N,MAPLEWOOD,AVE,4509-4509 N MAPLEWOOD AVE, , ,August 2010,4147,1950,https://gisapps.cityofchicago.org/gisimages/Greenroofs/VR_056.pdf,41.96382616,-87.6919436,"(41.96382616, -87.6919436)"
143,353,N,CLARK,ST,353-353 N CLARK ST,353 NORTH CLARK, ,August 2010,46512,7991,https://gisapps.cityofchicago.org/gisimages/Greenroofs/VR_143.pdf,41.888965,-87.63015472,"(41.888965, -87.63015472)"
341,0, ,A.R.F.F. #3, ,0-0   A.R.F.F. #3,A.R.F.F. #3,OHARE AIRPORT STRUCTURE,October 2010,13754,4784,https://gisapps.cityofchicago.org/gisimages/Greenroofs/VR_341.pdf,41.98081256,-87.89784851,"(41.98081256, -87.89784851)"
154,1555,N,ASTOR,ST,1555-1555 N ASTOR ST,POOL AND TENNIS COURTS AT 1555, ,August 2010,19046,8137,https://gisapps.cityofchicago.org/gisimages/Greenroofs/VR_154.pdf,41.91072765,-87.62729409,"(41.91072765, -87.62729409)"
175,26,E,PEARSON,ST,26-26 E PEARSON ST,BAUMHART HALL & TERRY STUDENT CENTER,LOYOLA UNIVERSITY CHICAGO,August 2010,10256,6398,https://gisapps.cityofchicago.org/gisimages/Greenroofs/VR_175.pdf,41.89780562,-87.62719297,"(41.89780562, -87.62719297)"
186,33,W,ONTARIO,ST,33-33 W ONTARIO ST,MILLENIUM CENTRE, ,August 2010,36792,5436,https://gisapps.cityofchicago.org/gisimages/Greenroofs/VR_186.pdf,41.89292365,-87.62917603,"(41.89292365, -87.62917603)"
042,7330,N,CLARK,ST,7330-7352 N CLARK ST,FIREHOUSE E102, ,August 2010,14698,5490,https://gisapps.cityofchicago.org/gisimages/Greenroofs/VR_042.pdf,42.01495901,-87.67550374,"(42.01495901, -87.67550374)"
024,4633,W,GRAND,AVE,4633-4661 W GRAND AVE, , ,August 2010,139299,75130,https://gisapps.cityofchicago.org/gisimages/Greenroofs/VR_024.pdf,41.91191788,-87.74284765,"(41.91191788, -87.74284765)"
289,1228,W,MONROE,ST,1228-1228 W MONROE ST, , ,August 2010,9870,4140,https://gisapps.cityofchicago.org/gisimages/Greenroofs/VR_289.pdf,41.88070203,-87.65816944,"(41.88070203, -87.65816944)"
302,35,W,DELAWARE,PL,35-35 W DELAWARE PL, , ,August 2010,13057,5299,https://gisapps.cityofchicago.org/gisimages/Greenroofs/VR_302.pdf,41.89889998,-87.62933745,"(41.89889998, -87.62933745)"
321,3027,E,93RD,ST,3027-3027 E 93RD ST,E46,CHICAGO FIRE HOUSE,September 2010,6879,5281,https://gisapps.cityofchicago.org/gisimages/Greenroofs/VR_321.pdf,41.72616565,-87.54999697,"(41.72616565, -87.54999697)"
037,5983,N,LINCOLN,AVE,5983-5983 N LINCOLN AVE, , ,August 2010,6181,2254,https://gisapps.cityofchicago.org/gisimages/Greenroofs/VR_037.pdf,41.99019345,-87.70653241,"(41.99019345, -87.70653241)"
025,1448,N,KOSTNER,AVE,1448-1448 N KOSTNER AVE, , ,August 2010,217971,108674,https://gisapps.cityofchicago.org/gisimages/Greenroofs/VR_025.pdf,41.90731707,-87.738309,"(41.90731707, -87.738309)"
258,1620,S,MICHIGAN,AVE,1620-1638 S MICHIGAN AVE, , ,August 2010,15268,7419,https://gisapps.cityofchicago.org/gisimages/Greenroofs/VR_258.pdf,41.85939686,-87.62421382,"(41.85939686, -87.62421382)"
052,4929,N,SAWYER,AVE,4929-4929 N SAWYER AVE, , ,August 2010,43678,3887,https://gisapps.cityofchicago.org/gisimages/Greenroofs/VR_052.pdf,41.97159023,-87.70950226,"(41.97159023, -87.70950226)"
014,4300,N,NARRAGANSETT,AVE,4300-4300 N NARRAGANSETT AVE,WILBUR WRIGHT COLLEGE,CITY COLLEGES OF CHICAGO,August 2010,159901,479,https://gisapps.cityofchicago.org/gisimages/Greenroofs/VR_014.pdf,41.95867634,-87.78885539,"(41.95867634, -87.78885539)"
185,1,E,ERIE,ST,1-1 E ERIE ST,WINDSOR AT ONTARIO PLACE,BUKARA RESTAURANT AND WHITE HEN PA,August 2010,43714,14433,https://gisapps.cityofchicago.org/gisimages/Greenroofs/VR_185.pdf,41.8936171,-87.62725118,"(41.8936171, -87.62725118)"
111,2323,W,PERSHING,RD,2323-2323 W PERSHING RD, , ,August 2010,46581,18041,https://gisapps.cityofchicago.org/gisimages/Greenroofs/VR_111.pdf,41.82263225,-87.68315905,"(41.82263225, -87.68315905)"
126,4700,N,MARINE,DR,4700-4700 N MARINE DR, , ,August 2010,28249,19414,https://gisapps.cityofchicago.org/gisimages/Greenroofs/VR_126.pdf,41.967704,-87.64966933,"(41.967704, -87.64966933)"
345,66,E,RANDOLPH,ST,66-66 E RANDOLPH ST, , ,August 2010,6290,4599,https://gisapps.cityofchicago.org/gisimages/Greenroofs/VR_345.pdf,41.88491504,-87.62545574,"(41.88491504, -87.62545574)"
358,555,W,MONROE,ST,555-555 W MONROE ST,QUAKER PLAZA, ,August 2010,40890,3355,https://gisapps.cityofchicago.org/gisimages/Greenroofs/VR_358.pdf,41.88029169,-87.64224052,"(41.88029169, -87.64224052)"
197,6054,S,DREXEL,AVE,6054-6054 S DREXEL AVE, , ,August 2010,46373,8160,https://gisapps.cityofchicago.org/gisimages/Greenroofs/VR_197.pdf,41.78447654,-87.60463889,"(41.78447654, -87.60463889)"
158,1322,N,CLYBOURN,AVE,1322-1322 N CLYBOURN AVE, , ,August 2010,4314,2213,https://gisapps.cityofchicago.org/gisimages/Greenroofs/VR_158.pdf,41.90608115,-87.64300574,"(41.90608115, -87.64300574)"
190,240,W,104TH,ST,240-240 W 104TH ST,LANGSTON HUGHS SCHOOL, ,August 2010,110690,11728,https://gisapps.cityofchicago.org/gisimages/Greenroofs/VR_190.pdf,41.70596969,-87.6292056,"(41.70596969, -87.6292056)"
020,1920,N,CENTRAL,AVE,1920-1920 N CENTRAL AVE, , ,August 2010,82366,16123,https://gisapps.cityofchicago.org/gisimages/Greenroofs/VR_020.pdf,41.91592101,-87.76834242,"(41.91592101, -87.76834242)"
046,1401,W,DEVON,AVE,1401-1401 W DEVON AVE, , ,August 2010,4015,904,https://gisapps.cityofchicago.org/gisimages/Greenroofs/VR_046.pdf,41.99797881,-87.66566479,"(41.99797881, -87.66566479)"
094,2140,N,ELSTON,AVE,2140-2140 N ELSTON AVE, , ,August 2010,140234,40632,https://gisapps.cityofchicago.org/gisimages/Greenroofs/VR_094.pdf,41.9204494,-87.67181989,"(41.9204494, -87.67181989)"
285,207,E,OHIO,ST,207-215 E OHIO ST,THE GRAND OHIO CONDOMINIUMS, ,August 2010,61140,5170,https://gisapps.cityofchicago.org/gisimages/Greenroofs/VR_285.pdf,41.89229251,-87.62205776,"(41.89229251, -87.62205776)"
326,121,S,JEFFERSON,ST,121-125 S JEFFERSON ST,Park Alexandria, ,August 2010,22048,7345,https://gisapps.cityofchicago.org/gisimages/Greenroofs/VR_326.pdf,41.87993183,-87.6418688,"(41.87993183, -87.6418688)"
153,1301,N,ASTOR,ST,1301-1301 N ASTOR ST, , ,August 2010,3803,504,https://gisapps.cityofchicago.org/gisimages/Greenroofs/VR_153.pdf,41.90601346,-87.62712487,"(41.90601346, -87.62712487)"
229,4315,S,STATE,ST,4315-4315 S STATE ST, , ,August 2010,3205,1092,https://gisapps.cityofchicago.org/gisimages/Greenroofs/VR_229.pdf,41.81629944,-87.62708494,"(41.81629944, -87.62708494)"
290,901,W,MADISON,ST,901-901 W MADISON ST, , ,August 2010,33356,7271,https://gisapps.cityofchicago.org/gisimages/Greenroofs/VR_290.pdf,41.88150222,-87.65008959,"(41.88150222, -87.65008959)"
057,3354,W,BELMONT,AVE,3354-3354 W BELMONT AVE, , ,August 2010,5709,1794,https://gisapps.cityofchicago.org/gisimages/Greenroofs/VR_057.pdf,41.93963006,-87.70981019,"(41.93963006, -87.70981019)"
317,9400,W,FOSTER,AVE,9400-9420 W FOSTER AVE, , ,October 2010,49458,31526,https://gisapps.cityofchicago.org/gisimages/Greenroofs/VR_317.pdf,41.97359739,-87.86291021,"(41.97359739, -87.86291021)"
078,104,N,DAMEN,AVE,104-104 N DAMEN AVE, , ,August 2010,10355,4689,https://gisapps.cityofchicago.org/gisimages/Greenroofs/VR_078.pdf,41.88390341,-87.67642383,"(41.88390341, -87.67642383)"
262,1201,S,PRAIRIE,AVE,1201-1201 S PRAIRIE AVE, , ,August 2010,62907,23817,https://gisapps.cityofchicago.org/gisimages/Greenroofs/VR_262.pdf,41.86687725,-87.62148046,"(41.86687725, -87.62148046)"
029,5088,W,JACKSON,BLVD,5088-5088 W JACKSON BLVD, , ,August 2010,42879,16758,https://gisapps.cityofchicago.org/gisimages/Greenroofs/VR_029.pdf,41.87725772,-87.75300393,"(41.87725772, -87.75300393)"
217,3820,S,VINCENNES,AVE,3820-3820 S VINCENNES AVE, , ,August 2010,3523,1021,https://gisapps.cityofchicago.org/gisimages/Greenroofs/VR_217.pdf,41.8255219,-87.61190414,"(41.8255219, -87.61190414)"
165,659,W,RANDOLPH,ST,659-659 W RANDOLPH ST,R+D659, ,August 2010,28885,6955,https://gisapps.cityofchicago.org/gisimages/Greenroofs/VR_165.pdf,41.88408406,-87.64449485,"(41.88408406, -87.64449485)"
180,2,W,GRAND,AVE,2-6 W GRAND AVE,GRAND PLAZA, ,August 2010,76556,9004,https://gisapps.cityofchicago.org/gisimages/Greenroofs/VR_180.pdf,41.89192427,-87.62909886,"(41.89192427, -87.62909886)"
322,7512,S,SHORE,DR,7512-7512 S SHORE DR, , ,September 2010,44303,31799,https://gisapps.cityofchicago.org/gisimages/Greenroofs/VR_322.pdf,41.76025963,-87.55628251,"(41.76025963, -87.55628251)"
212,675,E,37TH,PL,675-675 E 37TH PL, , ,August 2010,3391,980,https://gisapps.cityofchicago.org/gisimages/Greenroofs/VR_212.pdf,41.8264728,-87.60907199,"(41.8264728, -87.60907199)"
254,1901,S,CALUMET,AVE,1901-1901 S CALUMET AVE, , ,August 2010,27381,2305,https://gisapps.cityofchicago.org/gisimages/Greenroofs/VR_254.pdf,41.85644189,-87.61855316,"(41.85644189, -87.61855316)"
107,3510,W,55TH,ST,3510-3510 W 55TH ST,HERNANDEZ SCHOOL, ,August 2010,52818,15075,https://gisapps.cityofchicago.org/gisimages/Greenroofs/VR_107.pdf,41.79378609,-87.71172815,"(41.79378609, -87.71172815)"
239,900,E,57TH,ST,900-900 E 57TH ST,CENTER FOR BIOMEDICAL DISCOVERY,UNIVERSITY OF CHICAGO,August 2010,32736,13825,https://gisapps.cityofchicago.org/gisimages/Greenroofs/VR_239.pdf,41.79203642,-87.60324413,"(41.79203642, -87.60324413)"
122,11840,S,MARSHFIELD,AVE,11840-11840 S MARSHFIELD AVE,TARGET, ,August 2010,129665,65741,https://gisapps.cityofchicago.org/gisimages/Greenroofs/VR_122.pdf,41.67897469,-87.6652277,"(41.67897469, -87.6652277)"
349,1211,S,PRAIRIE,AVE,1211-1235 S PRAIRIE AVE, , ,August 2010,36677,8426,https://gisapps.cityofchicago.org/gisimages/Greenroofs/VR_349.pdf,41.8661413,-87.62095996,"(41.8661413, -87.62095996)"
084,1445,W,LILL,AVE,1445-1445 W LILL AVE, , ,August 2010,1588,717,https://gisapps.cityofchicago.org/gisimages/Greenroofs/VR_084.pdf,41.9276664,-87.66513066,"(41.9276664, -87.66513066)"
354,1502,N,KINGSBURY,ST,1502-1538 N KINGSBURY ST, , ,August 2010,90475,25711,https://gisapps.cityofchicago.org/gisimages/Greenroofs/VR_354.pdf,41.90856993,-87.65261877,"(41.90856993, -87.65261877)"
148,321,E,ERIE,ST,321-321 E ERIE ST,NORTHWESTERN UNIVERSITY PARKING, ,August 2010,89584,416,https://gisapps.cityofchicago.org/gisimages/Greenroofs/VR_148.pdf,41.89386987,-87.61924223,"(41.89386987, -87.61924223)"
281,222,W,ERIE,ST,222-222 W ERIE ST, , ,August 2010,22038,12730,https://gisapps.cityofchicago.org/gisimages/Greenroofs/VR_281.pdf,41.89430454,-87.63510729,"(41.89430454, -87.63510729)"
061,2221,W,BELMONT,AVE,2221-2221 W BELMONT AVE, , ,August 2010,6542,971,https://gisapps.cityofchicago.org/gisimages/Greenroofs/VR_061.pdf,41.93926239,-87.68407435,"(41.93926239, -87.68407435)"
222,523,E,38TH,PL,523-523 E 38TH PL, , ,August 2010,6709,2122,https://gisapps.cityofchicago.org/gisimages/Greenroofs/VR_222.pdf,41.82503687,-87.61332946,"(41.82503687, -87.61332946)"
294,55,E,PEARSON,ST,55-55 E PEARSON ST,THE CLARE AT WATERTOWER,SENIOR RETIREMENT RESIDENCE,August 2010,23303,12177,https://gisapps.cityofchicago.org/gisimages/Greenroofs/VR_294.pdf,41.89723248,-87.62651705,"(41.89723248, -87.62651705)"
133,2101,N,LINCOLN PARK, ,2101-2101 N LINCOLN PARK, , ,August 2010,23185,11893,https://gisapps.cityofchicago.org/gisimages/Greenroofs/VR_133.pdf,41.92017766,-87.63204011,"(41.92017766, -87.63204011)"
089,1313,W,OHIO,ST,1313-1313 W OHIO ST, , ,August 2010,2900,1943,https://gisapps.cityofchicago.org/gisimages/Greenroofs/VR_089.pdf,41.89226118,-87.66010816,"(41.89226118, -87.66010816)"
134,2344,N,LINCOLN PARK, ,2344-2344 N LINCOLN PARK, , ,August 2010,5865,2814,https://gisapps.cityofchicago.org/gisimages/Greenroofs/VR_134.pdf,41.92517996,-87.63693144,"(41.92517996, -87.63693144)"
117,1834,W,80TH,ST,1834-1834 W 80TH ST, , ,August 2010,11436,3518,https://gisapps.cityofchicago.org/gisimages/Greenroofs/VR_117.pdf,41.74860818,-87.6697942,"(41.74860818, -87.6697942)"
244,2055,S,MORGAN,ST,2055-2055 S MORGAN ST, , ,August 2010,13822,8156,https://gisapps.cityofchicago.org/gisimages/Greenroofs/VR_244.pdf,41.85459523,-87.65107713,"(41.85459523, -87.65107713)"
001,217,W,VAN BUREN,ST,217-241 W VAN BUREN ST, , ,August 2010,23946,7055,https://gisapps.cityofchicago.org/gisimages/Greenroofs/VR_001.pdf,41.87661344,-87.63462733,"(41.87661344, -87.63462733)"
266,539,W,14TH,PL,539-539 W 14TH PL, , ,August 2010,62827,20598,https://gisapps.cityofchicago.org/gisimages/Greenroofs/VR_266.pdf,41.86206002,-87.6396946,"(41.86206002, -87.6396946)"
313,2430,N,CANNON,DR,2430-2430 N CANNON DR,PEGGY NOTEBART NATURE MUSEUM, ,August 2010,48015,15241,https://gisapps.cityofchicago.org/gisimages/Greenroofs/VR_313.pdf,41.92676124,-87.63522385,"(41.92676124, -87.63522385)"
074,536,N,HOMAN,AVE,536-536 N HOMAN AVE, , ,August 2010,7723,3394,https://gisapps.cityofchicago.org/gisimages/Greenroofs/VR_074.pdf,41.89139049,-87.71105451,"(41.89139049, -87.71105451)"
207,8401,S,HOLLAND,AVE,8401-8401 S HOLLAND AVE, , ,August 2010,19173,10090,https://gisapps.cityofchicago.org/gisimages/Greenroofs/VR_207.pdf,41.74249521,-87.63167945,"(41.74249521, -87.63167945)"
308,900,N,MICHIGAN,AVE,900-900 N MICHIGAN AVE, , ,August 2010,98800,26958,https://gisapps.cityofchicago.org/gisimages/Greenroofs/VR_308.pdf,41.89973361,-87.62540596,"(41.89973361, -87.62540596)"
293,22,W,WASHINGTON,ST,22-22 W WASHINGTON ST, , ,August 2010,128566,18594,https://gisapps.cityofchicago.org/gisimages/Greenroofs/VR_293.pdf,41.88363727,-87.62874919,"(41.88363727, -87.62874919)"
234,4485,S,STATE,ST,4485-4485 S STATE ST, , ,August 2010,4757,3468,https://gisapps.cityofchicago.org/gisimages/Greenroofs/VR_234.pdf,41.81414449,-87.62652535,"(41.81414449, -87.62652535)"
006,677,N,MICHIGAN,AVE,677-679 N MICHIGAN AVE, , ,August 2010,7733,2684,https://gisapps.cityofchicago.org/gisimages/Greenroofs/VR_006.pdf,41.8948142,-87.62378911,"(41.8948142, -87.62378911)"
249,555,S,DEARBORN,ST,555-555 S DEARBORN ST, , ,August 2010,3358,2238,https://gisapps.cityofchicago.org/gisimages/Greenroofs/VR_249.pdf,41.87471955,-87.62892426,"(41.87471955, -87.62892426)"
060,2959,W,ADDISON,ST,2959-2959 W ADDISON ST, , ,August 2010,157806,14734,https://gisapps.cityofchicago.org/gisimages/Greenroofs/VR_060.pdf,41.94570166,-87.70202806,"(41.94570166, -87.70202806)"
118,6720,S,PAULINA,ST,6720-6740 S PAULINA ST,DAVIS MAGNET SCHOOL, ,August 2010,43743,2513,https://gisapps.cityofchicago.org/gisimages/Greenroofs/VR_118.pdf,41.77062957,-87.66666762,"(41.77062957, -87.66666762)"
271,1016,W,JACKSON,BLVD,1016-1016 W JACKSON BLVD, , ,August 2010,9088,2619,https://gisapps.cityofchicago.org/gisimages/Greenroofs/VR_271.pdf,41.87805984,-87.65267828,"(41.87805984, -87.65267828)"
085,1842,N,KINGSBURY,ST,1842-1842 N KINGSBURY ST, , ,August 2010,22533,8234,https://gisapps.cityofchicago.org/gisimages/Greenroofs/VR_085.pdf,41.91548279,-87.65822183,"(41.91548279, -87.65822183)"
202,7200,S,INGLESIDE,AVE,7200-7200 S INGLESIDE AVE,NOBLE - COMER SCHOOL, ,August 2010,28998,6592,https://gisapps.cityofchicago.org/gisimages/Greenroofs/VR_202.pdf,41.76406133,-87.60241041,"(41.76406133, -87.60241041)"
221,3841,S,VINCENNES,AVE,3841-3841 S VINCENNES AVE, , ,August 2010,5075,1658,https://gisapps.cityofchicago.org/gisimages/Greenroofs/VR_221.pdf,41.82456645,-87.61270735,"(41.82456645, -87.61270735)"
103,506,N,LEAVITT,ST,506-526 N LEAVITT ST, , ,August 2010,20813,3583,https://gisapps.cityofchicago.org/gisimages/Greenroofs/VR_103.pdf,41.87432228,-87.68155227,"(41.87432228, -87.68155227)"
335,0, ,O'HARE BLDG 7, ,0-0   O'HARE BLDG 7, , ,October 2010,897,768,https://gisapps.cityofchicago.org/gisimages/Greenroofs/VR_335.pdf,41.99628442,-87.91633192,"(41.99628442, -87.91633192)"
303,900,S,CLARK,ST,900-900 S CLARK ST,AMLI 900, ,August 2010,21585,7380,https://gisapps.cityofchicago.org/gisimages/Greenroofs/VR_303.pdf,41.87034167,-87.63113844,"(41.87034167, -87.63113844)"
261,1401,S,STATE,ST,1401-1417 S STATE ST, , ,August 2010,27137,7464,https://gisapps.cityofchicago.org/gisimages/Greenroofs/VR_261.pdf,41.86370988,-87.62673229,"(41.86370988, -87.62673229)"
350,3700,W,103RD,ST,3700-3700 W 103RD ST - DORM #1, , ,August 2010,8839,1055,https://gisapps.cityofchicago.org/gisimages/Greenroofs/VR_350.pdf,41.71014049,-87.71291553,"(41.71014049, -87.71291553)"
028,5237,W,MADISON,ST,5237-5253 W MADISON ST, , ,August 2010,10826,5897,https://gisapps.cityofchicago.org/gisimages/Greenroofs/VR_028.pdf,41.8800921,-87.75673117,"(41.8800921, -87.75673117)"
038,5976,N,LINCOLN,AVE,5976-5980 N LINCOLN AVE, , ,August 2010,5354,2230,https://gisapps.cityofchicago.org/gisimages/Greenroofs/VR_038.pdf,41.98965297,-87.7065561,"(41.98965297, -87.7065561)"
161,1875,N,ORCHARD,ST,1875-1875 N ORCHARD ST, , ,August 2010,5851,4046,https://gisapps.cityofchicago.org/gisimages/Greenroofs/VR_161.pdf,41.91594047,-87.64563306,"(41.91594047, -87.64563306)"
298,401,N,WABASH,AVE,401-413 N WABASH AVE,TRUMP TOWER, ,August 2010,49504,8494,https://gisapps.cityofchicago.org/gisimages/Greenroofs/VR_298.pdf,41.88893928,-87.62653879,"(41.88893928, -87.62653879)"
070,3255,W,ALTGELD,ST,3255-3255 W ALTGELD ST,OLD CHICAGO LIBRARY MOVED TO FULLERTON,LOGAN SQUARE BRANCH,August 2010,7756,5005,https://gisapps.cityofchicago.org/gisimages/Greenroofs/VR_070.pdf,41.92634813,-87.7098293,"(41.92634813, -87.7098293)"
193,911,W,63RD,ST,911-0 W 63RD ST, , ,August 2010,11020,6624,https://gisapps.cityofchicago.org/gisimages/Greenroofs/VR_193.pdf,41.77955559,-87.64781448,"(41.77955559, -87.64781448)"
276,1611,W,HARRISON,ST,1611-1611 W HARRISON ST,RUSH ORTHOPEDIC AMBULATORY  BUILDING, ,August 2010,34422,14971,https://gisapps.cityofchicago.org/gisimages/Greenroofs/VR_276.pdf,41.87364295,-87.66694572,"(41.87364295, -87.66694572)"
021,5530,W,HOMER,ST,5530-5530 W HOMER ST,MULTIPLEX MOVIE THEATER, ,August 2010,60390,22288,https://gisapps.cityofchicago.org/gisimages/Greenroofs/VR_021.pdf,41.91604532,-87.76461573,"(41.91604532, -87.76461573)"
138,370,N,DESPLAINES,ST,370-370 N DESPLAINES ST,JEWEL OSCO, ,August 2010,49427,35839,https://gisapps.cityofchicago.org/gisimages/Greenroofs/VR_138.pdf,41.88873897,-87.64506551,"(41.88873897, -87.64506551)"
166,117,N,JEFFERSON,ST,117-119 N JEFFERSON ST, , ,August 2010,17862,7500,https://gisapps.cityofchicago.org/gisimages/Greenroofs/VR_166.pdf,41.88382948,-87.64231624,"(41.88382948, -87.64231624)"
033,4248,W,47TH,ST,4248-4248 W 47TH ST, , ,August 2010,61152,15033,https://gisapps.cityofchicago.org/gisimages/Greenroofs/VR_033.pdf,41.8091787,-87.73076689,"(41.8091787, -87.73076689)"
093,2100,N,ELSTON,AVE,2100-2100 N ELSTON AVE, , ,August 2010,46396,26569,https://gisapps.cityofchicago.org/gisimages/Greenroofs/VR_093.pdf,41.91909131,-87.66949337,"(41.91909131, -87.66949337)"
230,4317,S,STATE,ST,4317-4317 S STATE ST, , ,August 2010,2392,1098,https://gisapps.cityofchicago.org/gisimages/Greenroofs/VR_230.pdf,41.81604175,-87.62712812,"(41.81604175, -87.62712812)"
253,1621,S,PRAIRIE,AVE,1621-1629 S PRAIRIE AVE,1600 MUSEUM PARK, ,August 2010,24623,5244,https://gisapps.cityofchicago.org/gisimages/Greenroofs/VR_253.pdf,41.85949166,-87.62046477,"(41.85949166, -87.62046477)"
198,1011,E,61ST,ST,1011-1011 E 61ST ST, , ,August 2010,93589,14633,https://gisapps.cityofchicago.org/gisimages/Greenroofs/VR_198.pdf,41.7845229,-87.60027874,"(41.7845229, -87.60027874)"
065,1810,W,GRACE,ST,1810-1822 W GRACE ST, , ,August 2010,38703,12886,https://gisapps.cityofchicago.org/gisimages/Greenroofs/VR_065.pdf,41.9509554,-87.67442342,"(41.9509554, -87.67442342)"
098,3210,S,WOLCOTT,AVE,3210-3210 S WOLCOTT AVE, , ,August 2010,138394,62625,https://gisapps.cityofchicago.org/gisimages/Greenroofs/VR_098.pdf,41.83616862,-87.6742958,"(41.83616862, -87.6742958)"
330,1620,E,75TH,ST,1620-1620 E 75TH ST,,,September 2010,13026,12059,https://gisapps.cityofchicago.org/gisimages/Greenroofs/VR_330.pdf,41.75852287,-87.58486224,"(41.75852287, -87.58486224)"
325,2567,E,72ND,PL,2567-2569 E 72ND PL, , ,September 2010,2418,2231,https://gisapps.cityofchicago.org/gisimages/Greenroofs/VR_325.pdf,41.76556744,-87.56081139,"(41.76556744, -87.56081139)"
286,1520,W,NORTH,AVE,1520-1520 W NORTH AVE, , ,August 2010,23899,12047,https://gisapps.cityofchicago.org/gisimages/Greenroofs/VR_286.pdf,41.91122989,-87.6663161,"(41.91122989, -87.6663161)"
225,537,E,38TH,ST,537-537 E 38TH ST, , ,August 2010,5088,1532,https://gisapps.cityofchicago.org/gisimages/Greenroofs/VR_225.pdf,41.82551266,-87.6130563,"(41.82551266, -87.6130563)"
318,0, ,OHARE BLDG 5, ,0-0   OHARE BLDG 5, , ,October 2010,5284,3776,https://gisapps.cityofchicago.org/gisimages/Greenroofs/VR_318.pdf,41.99685566,-87.88513923,"(41.99685566, -87.88513923)"
157,59,W,NORTH,BLVD,59-59 W NORTH BLVD, , ,August 2010,28809,979,https://gisapps.cityofchicago.org/gisimages/Greenroofs/VR_157.pdf,41.91059815,-87.63123754,"(41.91059815, -87.63123754)"
009,6000,N,CICERO,AVE,6000-6020 N CICERO AVE, , ,August 2010,48931,20924,https://gisapps.cityofchicago.org/gisimages/Greenroofs/VR_009.pdf,41.99048371,-87.74907432,"(41.99048371, -87.74907432)"
189,100,W,111TH,ST,100-130 W 111TH ST, , ,August 2010,22651,13718,https://gisapps.cityofchicago.org/gisimages/Greenroofs/VR_189.pdf,41.6929096,-87.62655073,"(41.6929096, -87.62655073)"
053,5022,N,KEDZIE,AVE,5022-5040 N KEDZIE AVE, , ,August 2010,46124,8559,https://gisapps.cityofchicago.org/gisimages/Greenroofs/VR_053.pdf,41.97329686,-87.7089487,"(41.97329686, -87.7089487)"
357,1410, ,MUSEUM CAMPUS,DR,1410-1410 MUSEUM CAMPUS DR, , ,August 2010,2223396,839593,https://gisapps.cityofchicago.org/gisimages/Greenroofs/VR_357.pdf,41.86219928,-87.61590461,"(41.86219928, -87.61590461)"
170,190,N,GARLAND,CT,190-190 N GARLAND CT,THE HERITAGE AT MILLENIUM PARK, ,August 2010,42181,10844,https://gisapps.cityofchicago.org/gisimages/Greenroofs/VR_170.pdf,41.88410164,-87.62572178,"(41.88410164, -87.62572178)"
142,220,E,CHICAGO,AVE,220-220 E CHICAGO AVE,MUSEUM OF CONTEMPORARY ART, ,August 2010,56320,9966,https://gisapps.cityofchicago.org/gisimages/Greenroofs/VR_142.pdf,41.8972442,-87.6204638,"(41.8972442, -87.6204638)"
110,4551,S,WHIPPLE,ST,4551-4551 S WHIPPLE ST, , ,August 2010,124014,49847,https://gisapps.cityofchicago.org/gisimages/Greenroofs/VR_110.pdf,41.81096093,-87.68317438,"(41.81096093, -87.68317438)"
329,5414,S,CORNELL,AVE,5414-5420 S CORNELL AVE, , ,September 2010,34338,4958,https://gisapps.cityofchicago.org/gisimages/Greenroofs/VR_329.pdf,41.79775568,-87.5857775,"(41.79775568, -87.5857775)"
257,1919,S,WABASH,AVE,1919-1935 S WABASH AVE, , ,August 2010,35402,9684,https://gisapps.cityofchicago.org/gisimages/Greenroofs/VR_257.pdf,41.85610867,-87.62500998,"(41.85610867, -87.62500998)"
125,831,W,AINSLIE,ST,831-831 W AINSLIE ST, , ,August 2010,2586,1106,https://gisapps.cityofchicago.org/gisimages/Greenroofs/VR_125.pdf,41.97136767,-87.65154236,"(41.97136767, -87.65154236)"
226,3741,S,VINCENNES,AVE,3741-3741 S VINCENNES AVE, , ,August 2010,3626,1051,https://gisapps.cityofchicago.org/gisimages/Greenroofs/VR_226.pdf,41.82638757,-87.61166327,"(41.82638757, -87.61166327)"
340,0, ,OHARE BLDG 4, ,0-0   OHARE BLDG 4, , ,October 2010,19114,19114,https://gisapps.cityofchicago.org/gisimages/Greenroofs/VR_340.pdf,41.95970277,-87.90259547,"(41.95970277, -87.90259547)"
077,1989,W,LAKE,ST,1989-1989 W LAKE ST, , ,August 2010,8259,3831,https://gisapps.cityofchicago.org/gisimages/Greenroofs/VR_077.pdf,41.88485068,-87.6760322,"(41.88485068, -87.6760322)"
194,6311,S,HALSTED,ST,6311-6311 S HALSTED ST, , ,August 2010,58710,22337,https://gisapps.cityofchicago.org/gisimages/Greenroofs/VR_194.pdf,41.77950059,-87.64412672,"(41.77950059, -87.64412672)"
213,3751,S,LANGLEY,AVE,3751-3751 S LANGLEY AVE, , ,August 2010,5935,1811,https://gisapps.cityofchicago.org/gisimages/Greenroofs/VR_213.pdf,41.82605864,-87.60954262,"(41.82605864, -87.60954262)"
097,1360,S,BLUE ISLAND,AVE,1360-1360 S BLUE ISLAND AVE,ENGINE COMPANY E18, ,August 2010,16554,4877,https://gisapps.cityofchicago.org/gisimages/Greenroofs/VR_097.pdf,41.86462166,-87.65599642,"(41.86462166, -87.65599642)"
174,516,N,WELLS,ST,516-516 N WELLS ST,CONTEMPORAINE, ,August 2010,25362,1757,https://gisapps.cityofchicago.org/gisimages/Greenroofs/VR_174.pdf,41.89143753,-87.63432316,"(41.89143753, -87.63432316)"
013,4049,N,CICERO,AVE,4049-4049 N CICERO AVE, , ,August 2010,9867,5680,https://gisapps.cityofchicago.org/gisimages/Greenroofs/VR_013.pdf,41.95433248,-87.74764364,"(41.95433248, -87.74764364)"
130,3511,N,FREMONT,ST,3511-3511 N FREMONT ST, , ,August 2010,1542,1112,https://gisapps.cityofchicago.org/gisimages/Greenroofs/VR_130.pdf,41.94587146,-87.65157883,"(41.94587146, -87.65157883)"
041,1607,W,HOWARD,ST,1607-1607 W HOWARD ST, , ,August 2010,19086,4350,https://gisapps.cityofchicago.org/gisimages/Greenroofs/VR_041.pdf,42.01955209,-87.67156653,"(42.01955209, -87.67156653)"
135,845,N,KINGSBURY,ST,845-845 N KINGSBURY ST, , ,August 2010,30100,15431,https://gisapps.cityofchicago.org/gisimages/Greenroofs/VR_135.pdf,41.89852807,-87.64330381,"(41.89852807, -87.64330381)"
073,2319,N,LEAVITT,ST,2319-2319 N LEAVITT ST, , ,August 2010,1665,716,https://gisapps.cityofchicago.org/gisimages/Greenroofs/VR_073.pdf,41.9233091,-87.68242087,"(41.9233091, -87.68242087)"
129,856,W,ADDISON,ST,856-856 W ADDISON ST, , ,August 2010,27867,20481,https://gisapps.cityofchicago.org/gisimages/Greenroofs/VR_129.pdf,41.94755684,-87.6511896,"(41.94755684, -87.6511896)"
344,55,E,MONROE,ST,55-55 E MONROE ST,MID CONTINENTAL PLAZA, ,August 2010,45321,1733,https://gisapps.cityofchicago.org/gisimages/Greenroofs/VR_344.pdf,41.88008845,-87.6257395,"(41.88008845, -87.6257395)"
238,5724,S,DREXEL,AVE,5724-5742 S DREXEL AVE, , ,August 2010,25401,1995,https://gisapps.cityofchicago.org/gisimages/Greenroofs/VR_238.pdf,41.79033045,-87.6042609,"(41.79033045, -87.6042609)"
106,2916,W,47TH,ST,2916-2916 W 47TH ST, , ,August 2010,16145,4833,https://gisapps.cityofchicago.org/gisimages/Greenroofs/VR_106.pdf,41.80867494,-87.69689385,"(41.80867494, -87.69689385)"
245,2207,S,PRAIRIE,AVE,2207-2425 S PRAIRIE AVE, , ,August 2010,1146303,167349,https://gisapps.cityofchicago.org/gisimages/Greenroofs/VR_245.pdf,41.85025548,-87.62062239,"(41.85025548, -87.62062239)"
002,1746,N,SPAULDING,AVE,1746-1752 N SPAULDING AVE, , ,August 2010,11696,3139,https://gisapps.cityofchicago.org/gisimages/Greenroofs/VR_002.pdf,41.91343961,-87.71039583,"(41.91343961, -87.71039583)"
267,150,W,ROOSEVELT,RD,150-150 W ROOSEVELT RD, , ,August 2010,225003,144320,https://gisapps.cityofchicago.org/gisimages/Greenroofs/VR_267.pdf,41.86895739,-87.63263694,"(41.86895739, -87.63263694)"
206,6558,S,STONY ISLAND,AVE,6558-6558 S STONY ISLAND AVE, , ,August 2010,5280,1592,https://gisapps.cityofchicago.org/gisimages/Greenroofs/VR_206.pdf,41.77539654,-87.58681809,"(41.77539654, -87.58681809)"
312,10,S,STATE,ST,10-10 S STATE ST, , ,August 2010,38932,16908,https://gisapps.cityofchicago.org/gisimages/Greenroofs/VR_312.pdf,41.88159217,-87.6281988,"(41.88159217, -87.6281988)"
299,947,N,STATE,ST,947-951 N STATE ST, , ,August 2010,5015,2292,https://gisapps.cityofchicago.org/gisimages/Greenroofs/VR_299.pdf,41.90061714,-87.62806299,"(41.90061714, -87.62806299)"
167,350,N,ORLEANS,ST,350-350 N ORLEANS ST, , ,August 2010,145640,5077,https://gisapps.cityofchicago.org/gisimages/Greenroofs/VR_167.pdf,41.88839207,-87.63714017,"(41.88839207, -87.63714017)"
032,5739,W,ROOSEVELT,RD,5739-5739 W ROOSEVELT RD, , ,August 2010,42627,7588,https://gisapps.cityofchicago.org/gisimages/Greenroofs/VR_032.pdf,41.86641947,-87.76761467,"(41.86641947, -87.76761467)"
034,4707,W,MARQUETTE,RD,4707-4707 W MARQUETTE RD,AZUELA SCHOOL, ,August 2010,43854,12063,https://gisapps.cityofchicago.org/gisimages/Greenroofs/VR_034.pdf,41.77076203,-87.73985861,"(41.77076203, -87.73985861)"
149,505,N,STATE,ST,505-505 N STATE ST, , ,August 2010,20016,8566,https://gisapps.cityofchicago.org/gisimages/Greenroofs/VR_149.pdf,41.89137296,-87.62738582,"(41.89137296, -87.62738582)"
265,1154,S,CLARK,ST,1154-1154 S CLARK ST, , ,August 2010,112162,8862,https://gisapps.cityofchicago.org/gisimages/Greenroofs/VR_265.pdf,41.86813978,-87.63086891,"(41.86813978, -87.63086891)"
045,6014,N,CLARK,ST,6014-6030 N CLARK ST,FIREHOUSE E70, ,August 2010,17370,3585,https://gisapps.cityofchicago.org/gisimages/Greenroofs/VR_045.pdf,41.99160278,-87.67065325,"(41.99160278, -87.67065325)"
162,659,W,OHIO,ST,659-667 W OHIO ST, , ,August 2010,5957,1184,https://gisapps.cityofchicago.org/gisimages/Greenroofs/VR_162.pdf,41.89206372,-87.64531262,"(41.89206372, -87.64531262)"
280,1200,S,LAKE SHORE,DR,1200-1200 S LAKE SHORE DR,SHEDD AQUARIUM, ,August 2010,163433,2084,https://gisapps.cityofchicago.org/gisimages/Greenroofs/VR_280.pdf,41.8676803,-87.61339452,"(41.8676803, -87.61339452)"
064,2004,W,LAWRENCE,AVE,2004-2004 W LAWRENCE AVE, , ,August 2010,19375,8436,https://gisapps.cityofchicago.org/gisimages/Greenroofs/VR_064.pdf,41.96931858,-87.67951837,"(41.96931858, -87.67951837)"
181,123,W,KINZIE,ST,123-123 W KINZIE ST,THE STERLING, ,August 2010,39815,1209,https://gisapps.cityofchicago.org/gisimages/Greenroofs/VR_181.pdf,41.88889522,-87.63180521,"(41.88889522, -87.63180521)"
297,444,E,ONTARIO,ST,444-448 E ONTARIO ST, ONTERIE CENTER, ,August 2010,37741,1431,https://gisapps.cityofchicago.org/gisimages/Greenroofs/VR_297.pdf,41.8938552,-87.61644131,"(41.8938552, -87.61644131)"
017,2700,N,NARRAGANSETT,AVE,2700-2700 N NARRAGANSETT AVE, , ,August 2010,6695,3954,https://gisapps.cityofchicago.org/gisimages/Greenroofs/VR_017.pdf,41.92944458,-87.78590318,"(41.92944458, -87.78590318)"
150,167,E,OHIO,ST,167-167 E OHIO ST, , ,August 2010,8481,8053,https://gisapps.cityofchicago.org/gisimages/Greenroofs/VR_150.pdf,41.89231085,-87.62298468,"(41.89231085, -87.62298468)"
177,745,N,WABASH,AVE,745-747 N WABASH AVE, , ,August 2010,17925,4069,https://gisapps.cityofchicago.org/gisimages/Greenroofs/VR_177.pdf,41.89630118,-87.62639518,"(41.89630118, -87.62639518)"
192,8300,S,COTTAGE GROVE,AVE,8300-8300 S COTTAGE GROVE AVE, , ,August 2010,18266,13007,https://gisapps.cityofchicago.org/gisimages/Greenroofs/VR_192.pdf,41.74369864,-87.60544093,"(41.74369864, -87.60544093)"
022,2231,N,CENTRAL,AVE,2231-2231 N CENTRAL AVE,PRIETO SCHOOL, ,August 2010,43509,16930,https://gisapps.cityofchicago.org/gisimages/Greenroofs/VR_022.pdf,41.92100169,-87.76522944,"(41.92100169, -87.76522944)"
044,5645,N,RAVENSWOOD,AVE,5645-5657 N RAVENSWOOD AVE, , ,August 2010,22639,2557,https://gisapps.cityofchicago.org/gisimages/Greenroofs/VR_044.pdf,41.984748,-87.67402728,"(41.984748, -87.67402728)"
287,100,N,COLUMBUS,DR,100-100 N COLUMBUS DR,JAY PRITZKER PAVILLION, ,August 2010,1010186,394024,https://gisapps.cityofchicago.org/gisimages/Greenroofs/VR_287.pdf,41.8825693,-87.62244102,"(41.8825693, -87.62244102)"
292,345,E,OHIO,ST,345-345 E OHIO ST,STREETER PLACE, ,August 2010,30307,13480,https://gisapps.cityofchicago.org/gisimages/Greenroofs/VR_292.pdf,41.89239426,-87.61899719,"(41.89239426, -87.61899719)"
059,2744,N,CALIFORNIA,AVE,2744-1744 N CALIFORNIA AVE,,,August 2010,12211,6098,https://gisapps.cityofchicago.org/gisimages/Greenroofs/VR_059.pdf,41.93149132,-87.69790883,"(41.93149132, -87.69790883)"
119,2300,W,64TH,ST,2300-2300 W 64TH ST, , ,August 2010,45822,3686,https://gisapps.cityofchicago.org/gisimages/Greenroofs/VR_119.pdf,41.7776651,-87.68182799,"(41.7776651, -87.68182799)"
282,200,W,GRAND,AVE,200-200 W GRAND AVE,THE GRAND ON GRAND, ,August 2010,15907,2011,https://gisapps.cityofchicago.org/gisimages/Greenroofs/VR_282.pdf,41.89182239,-87.63443282,"(41.89182239, -87.63443282)"
205,640,E,79TH,ST,640-642 E 79TH ST, , ,August 2010,10628,5944,https://gisapps.cityofchicago.org/gisimages/Greenroofs/VR_205.pdf,41.75142709,-87.60855661,"(41.75142709, -87.60855661)"
260,1400,S,MICHIGAN,AVE,1400-1400 S MICHIGAN AVE,MICHIGAN AVENUE TOWER II, ,August 2010,28269,11462,https://gisapps.cityofchicago.org/gisimages/Greenroofs/VR_260.pdf,41.86379262,-87.62449275,"(41.86379262, -87.62449275)"
027,300,N,PULASKI,RD,300-316 N PULASKI RD, , ,August 2010,14264,5062,https://gisapps.cityofchicago.org/gisimages/Greenroofs/VR_027.pdf,41.88580911,-87.72599667,"(41.88580911, -87.72599667)"
071,2531,N,WASHTENAW,AVE,2531-2531 N WASHTENAW AVE, , ,August 2010,1539,947,https://gisapps.cityofchicago.org/gisimages/Greenroofs/VR_071.pdf,41.92761842,-87.69479795,"(41.92761842, -87.69479795)"
012,4003,N,MILWAUKEE,AVE,4003-4003 N MILWAUKEE AVE, , ,August 2010,17845,4809,https://gisapps.cityofchicago.org/gisimages/Greenroofs/VR_012.pdf,41.95410357,-87.74795822,"(41.95410357, -87.74795822)"
054,3729,W,LELAND,AVE,3729-3729 W LELAND AVE,ASPIRA-HAUGAN SCHOOL, ,August 2010,52829,3841,https://gisapps.cityofchicago.org/gisimages/Greenroofs/VR_054.pdf,41.96632651,-87.72116571,"(41.96632651, -87.72116571)"
314,0, ,LINCOLN PARK ZOO #1, ,0-0   LINCOLN PARK ZOO #1, , ,August 2010,9220,3516,https://gisapps.cityofchicago.org/gisimages/Greenroofs/VR_314.pdf,41.92114142,-87.63482948,"(41.92114142, -87.63482948)"
145,160,E,ILLINOIS,ST,160-160 E ILLINOIS ST,KIEFFER BUILDING, ,August 2010,11737,6783,https://gisapps.cityofchicago.org/gisimages/Greenroofs/VR_145.pdf,41.89118225,-87.62293959,"(41.89118225, -87.62293959)"
049,1068,W,SHERIDAN,RD,1068-1068 W SHERIDAN RD,FLANNER HALL,LOYOLA UNIV. LAKESHORE CAMPUS,August 2010,40046,5854,https://gisapps.cityofchicago.org/gisimages/Greenroofs/VR_049.pdf,41.99871601,-87.65752303,"(41.99871601, -87.65752303)"
336,0, ,O'HARE BLDG 8, ,0-0   O'HARE BLDG 8, , ,October 2010,8912,8912,https://gisapps.cityofchicago.org/gisimages/Greenroofs/VR_336.pdf,41.99641165,-87.91585284,"(41.99641165, -87.91585284)"
237,5720,S,ELLIS,AVE,5720-5720 S ELLIS AVE,KERSTEN PHYSICS TEACHING CENTER,U OF CHICAGO,August 2010,15567,1636,https://gisapps.cityofchicago.org/gisimages/Greenroofs/VR_237.pdf,41.79110192,-87.60172193,"(41.79110192, -87.60172193)"
182,400,N,LA SALLE,DR,400-400 N LA SALLE DR, , ,August 2010,45819,5649,https://gisapps.cityofchicago.org/gisimages/Greenroofs/VR_182.pdf,41.88957496,-87.63347845,"(41.88957496, -87.63347845)"
351,3700,W,103RD,ST,3700-3700 W 103RD ST - DORM #2, , ,August 2010,9039,1297,https://gisapps.cityofchicago.org/gisimages/Greenroofs/VR_351.pdf,41.70954771,-87.71342297,"(41.70954771, -87.71342297)"
086,1110,W,BELDEN,AVE,1110-1110 W BELDEN AVE,DE PAUL UNIVERSITY, ,August 2010,30445,1186,https://gisapps.cityofchicago.org/gisimages/Greenroofs/VR_086.pdf,41.92374513,-87.65673471,"(41.92374513, -87.65673471)"
160,1561,N,FREMONT,ST,1561-1561 N FREMONT ST, , ,August 2010,108653,9645,https://gisapps.cityofchicago.org/gisimages/Greenroofs/VR_160.pdf,41.90990012,-87.65017993,"(41.90990012, -87.65017993)"
188,1215,W,119TH,ST,1215-1215 W 119TH ST, , ,August 2010,62573,6823,https://gisapps.cityofchicago.org/gisimages/Greenroofs/VR_188.pdf,41.67738323,-87.65403558,"(41.67738323, -87.65403558)"
173,201,N,CLARK,ST,201-201 N CLARK ST,GARLAND COURT, ,August 2010,35157,7003,https://gisapps.cityofchicago.org/gisimages/Greenroofs/VR_173.pdf,41.88610807,-87.63025345,"(41.88610807, -87.63025345)"
114,2754,W,LITHUANIAN PLAZA,CT,2754-2754 W LITHUANIAN PLAZA CT, , ,August 2010,7463,1899,https://gisapps.cityofchicago.org/gisimages/Greenroofs/VR_114.pdf,41.76841928,-87.6925118,"(41.76841928, -87.6925118)"
220,639,E,38TH,PL,639-639 E 38TH PL, , ,August 2010,4984,1300,https://gisapps.cityofchicago.org/gisimages/Greenroofs/VR_220.pdf,41.82509631,-87.61143196,"(41.82509631, -87.61143196)"
275,3839,S,HALSTED,ST,3839-3839 S HALSTED ST, , ,August 2010,3484,2611,https://gisapps.cityofchicago.org/gisimages/Greenroofs/VR_275.pdf,41.82401953,-87.64570406,"(41.82401953, -87.64570406)"
081,2112,W,CHARLESTON,ST,2112-2112 W CHARLESTON ST, , ,August 2010,1049,416,https://gisapps.cityofchicago.org/gisimages/Greenroofs/VR_081.pdf,41.9201548,-87.68076271,"(41.9201548, -87.68076271)"
231,4319,S,STATE,ST,4319-4319 S STATE ST, , ,August 2010,2105,1085,https://gisapps.cityofchicago.org/gisimages/Greenroofs/VR_231.pdf,41.81577555,-87.62712738,"(41.81577555, -87.62712738)"
076,2511,W,MAYPOLE,AVE,2511-2511 W MAYPOLE AVE, , ,August 2010,9235,1166,https://gisapps.cityofchicago.org/gisimages/Greenroofs/VR_076.pdf,41.88347076,-87.68918578,"(41.88347076, -87.68918578)"
007,0, ,LINCOLN PARK ZOO #2, ,0-0   LINCOLN PARK ZOO #2, , ,August 2010,1693,1453,https://gisapps.cityofchicago.org/gisimages/Greenroofs/VR_007.pdf,41.92098553,-87.63536765,"(41.92098553, -87.63536765)"
246,36,S,STATE,ST,36-42 S STATE ST, , ,August 2010,11602,4165,https://gisapps.cityofchicago.org/gisimages/Greenroofs/VR_246.pdf,41.88092427,-87.62812852,"(41.88092427, -87.62812852)"
319,0, ,OHARE BLDG 6, ,0-0   OHARE BLDG 6, , ,October 2010,12617,5072,https://gisapps.cityofchicago.org/gisimages/Greenroofs/VR_319.pdf,41.99582087,-87.88508027,"(41.99582087, -87.88508027)"
039,5501,N,KIMBALL,AVE,5501-5501 N KIMBALL AVE, , ,August 2010,49472,3482,https://gisapps.cityofchicago.org/gisimages/Greenroofs/VR_039.pdf,41.98237567,-87.71318161,"(41.98237567, -87.71318161)"
099,3415,W,ARTHINGTON,ST,3415-3415 W ARTHINGTON ST, , ,August 2010,19369,5306,https://gisapps.cityofchicago.org/gisimages/Greenroofs/VR_099.pdf,41.86968614,-87.71205076,"(41.86968614, -87.71205076)"
304,101,S,WACKER,DR,101-101 S WACKER DR,111 SOUTH WACKER, ,August 2010,31142,24223,https://gisapps.cityofchicago.org/gisimages/Greenroofs/VR_304.pdf,41.88031958,-87.63640929,"(41.88031958, -87.63640929)"
272,1001,W,VAN BUREN,ST,1001-1001 W VAN BUREN ST, , ,August 2010,40083,2696,https://gisapps.cityofchicago.org/gisimages/Greenroofs/VR_272.pdf,41.87633693,-87.65275898,"(41.87633693, -87.65275898)"
209,1048,W,37TH,ST,1048-1048 W 37TH ST, , ,August 2010,9031,4503,https://gisapps.cityofchicago.org/gisimages/Greenroofs/VR_209.pdf,41.82728902,-87.6527944,"(41.82728902, -87.6527944)"
346,62,E,RANDOLPH,ST,62-62 E RANDOLPH ST, , ,August 2010,6647,1968,https://gisapps.cityofchicago.org/gisimages/Greenroofs/VR_346.pdf,41.8847955,-87.62565169,"(41.8847955, -87.62565169)"
104,820,S,DAMEN,AVE,820-936 S DAMEN AVE,VETERANS WEST SIDE HOSPITAL,WEST SIDE MEDICAL CENTER,August 2010,180670,19327,https://gisapps.cityofchicago.org/gisimages/Greenroofs/VR_104.pdf,41.87058415,-87.67809493,"(41.87058415, -87.67809493)"
324,1036,W,MONTROSE,AVE,1036-1036 W MONTROSE AVE, , ,August 2010,13393,1235,https://gisapps.cityofchicago.org/gisimages/Greenroofs/VR_324.pdf,41.96210751,-87.65597235,"(41.96210751, -87.65597235)"
141,300,E,RANDOLPH,ST,300-300 E RANDOLPH ST,BLUE CROSS-BLUE SHIELD, ,August 2010,40906,6835,https://gisapps.cityofchicago.org/gisimages/Greenroofs/VR_141.pdf,41.88548483,-87.61952954,"(41.88548483, -87.61952954)"
214,600,E,PERSHING,RD,600-600 E PERSHING RD, , ,August 2010,5827,2225,https://gisapps.cityofchicago.org/gisimages/Greenroofs/VR_214.pdf,41.82417004,-87.61207341,"(41.82417004, -87.61207341)"
092,2230,N,DOMINICK,ST,2230-2230 N DOMINICK ST, , ,August 2010,22053,6153,https://gisapps.cityofchicago.org/gisimages/Greenroofs/VR_092.pdf,41.92216303,-87.66728622,"(41.92216303, -87.66728622)"
066,1505,W,MELROSE,ST,1505-1505 W MELROSE ST, , ,August 2010,26980,11983,https://gisapps.cityofchicago.org/gisimages/Greenroofs/VR_066.pdf,41.94048115,-87.66688979,"(41.94048115, -87.66688979)"
241,300,E,26TH,ST,300-300 E 26TH ST, , ,August 2010,11228,6734,https://gisapps.cityofchicago.org/gisimages/Greenroofs/VR_241.pdf,41.84597877,-87.61999455,"(41.84597877, -87.61999455)"
252,819,S,STATE,ST,819-819 S STATE ST, , ,August 2010,34597,8461,https://gisapps.cityofchicago.org/gisimages/Greenroofs/VR_252.pdf,41.87141385,-87.62687142,"(41.87141385, -87.62687142)"
156,1544,N,DEARBORN,PKWY,1544-1558 N DEARBORN PKWY, , ,August 2010,14959,5170,https://gisapps.cityofchicago.org/gisimages/Greenroofs/VR_156.pdf,41.91096131,-87.63049144,"(41.91096131, -87.63049144)"
199,6100,S,BLACKSTONE,AVE,6100-6100 S BLACKSTONE AVE,EXPERIMENTAL STATION, ,August 2010,10126,330,https://gisapps.cityofchicago.org/gisimages/Greenroofs/VR_199.pdf,41.78420193,-87.59047056,"(41.78420193, -87.59047056)"
109,3456,W,38TH,ST,3456-3456 W 38TH ST,CALMECA SCHOOL, ,August 2010,42970,26652,https://gisapps.cityofchicago.org/gisimages/Greenroofs/VR_109.pdf,41.82495608,-87.71130199,"(41.82495608, -87.71130199)"
331,5220,S,HYDE PARK,BLVD,5220-0 S HYDE PARK BLVD, , ,September 2010,9182,2878,https://gisapps.cityofchicago.org/gisimages/Greenroofs/VR_331.pdf,41.80029304,-87.58476512,"(41.80029304, -87.58476512)"
131,1000,E,OHIO,ST,1000-1000 E OHIO ST,Jardine Water Filtration Plant Complex, ,August 2010,996436,75259,https://gisapps.cityofchicago.org/gisimages/Greenroofs/VR_131.pdf,41.89481635,-87.60614801,"(41.89481635, -87.60614801)"
279,1101,S,STATE,ST,1101-1155 S STATE ST,STATE PLACE, ,August 2010,76423,20468,https://gisapps.cityofchicago.org/gisimages/Greenroofs/VR_279.pdf,41.8684315,-87.62697769,"(41.8684315, -87.62697769)"
224,524,E,38TH,ST,524-524 E 38TH ST, , ,August 2010,6053,1578,https://gisapps.cityofchicago.org/gisimages/Greenroofs/VR_224.pdf,41.82549877,-87.61346738,"(41.82549877, -87.61346738)"
307,100,N,CLARK,ST,100-118 N CLARK ST,CITY HALL & COUNTY BUILDING, ,August 2010,115511,35157,https://gisapps.cityofchicago.org/gisimages/Greenroofs/VR_307.pdf,41.88396929,-87.6318817,"(41.88396929, -87.6318817)"
136,325,W,OHIO,ST,325-325 W OHIO ST,SILVER TOWER, ,August 2010,17451,1540,https://gisapps.cityofchicago.org/gisimages/Greenroofs/VR_136.pdf,41.8921238,-87.63616309,"(41.8921238, -87.63616309)"
300,11,E,OAK,ST,11-15 E OAK ST, , ,August 2010,11253,5737,https://gisapps.cityofchicago.org/gisimages/Greenroofs/VR_300.pdf,41.90056196,-87.62756771,"(41.90056196, -87.62756771)"
227,621,E,37TH,ST,621-621 E 37TH ST, , ,August 2010,6735,2157,https://gisapps.cityofchicago.org/gisimages/Greenroofs/VR_227.pdf,41.82720833,-87.61082485,"(41.82720833, -87.61082485)"
003,2000,N,CALIFORNIA,AVE,2000-2000 N CALIFORNIA AVE, , ,August 2010,5393,3910,https://gisapps.cityofchicago.org/gisimages/Greenroofs/VR_003.pdf,41.91773177,-87.69741338,"(41.91773177, -87.69741338)"
268,541,W,ROOSEVELT,RD,541-555 W ROOSEVELT RD, , ,August 2010,56560,2278,https://gisapps.cityofchicago.org/gisimages/Greenroofs/VR_268.pdf,41.86705407,-87.64097699,"(41.86705407, -87.64097699)"
242,2559,S,DEARBORN,ST,2559-2559 S DEARBORN ST, , ,August 2010,38074,6378,https://gisapps.cityofchicago.org/gisimages/Greenroofs/VR_242.pdf,41.84628225,-87.62780861,"(41.84628225, -87.62780861)"
080,1901,W,MAYPOLE,AVE,1901-1901 W MAYPOLE AVE, , ,August 2010,10345,1938,https://gisapps.cityofchicago.org/gisimages/Greenroofs/VR_080.pdf,41.88431628,-87.67472299,"(41.88431628, -87.67472299)"
168,211,W,WACKER,DR,211-221 W WACKER DR,211 W WACKER DR, ,August 2010,9823,1391,https://gisapps.cityofchicago.org/gisimages/Greenroofs/VR_168.pdf,41.88658149,-87.63453035,"(41.88658149, -87.63453035)"
035,7903,S,CICERO,AVE,7903-8071 S CICERO AVE, SCOTTSDALE SHOPPING CENTER, ,August 2010,291085,138706,https://gisapps.cityofchicago.org/gisimages/Greenroofs/VR_035.pdf,41.74808551,-87.73873728,"(41.74808551, -87.73873728)"
163,460,W,HURON,ST,460-460 W HURON ST, , ,August 2010,2430,478,https://gisapps.cityofchicago.org/gisimages/Greenroofs/VR_163.pdf,41.89491588,-87.64089652,"(41.89491588, -87.64089652)"
256,2138,S,INDIANA,AVE,2138-2138 S INDIANA AVE,LEXINGTON PARK CONDOS, ,August 2010,48177,14286,https://gisapps.cityofchicago.org/gisimages/Greenroofs/VR_256.pdf,41.85325712,-87.62318782,"(41.85325712, -87.62318782)"
210,811,W,PERSHING,RD,811-815 W PERSHING RD, , ,August 2010,107059,11451,https://gisapps.cityofchicago.org/gisimages/Greenroofs/VR_210.pdf,41.82299835,-87.64748703,"(41.82299835, -87.64748703)"
113,3300,W,71ST,ST,3300-3300 W 71ST ST,TARKINGTON SCHOLASTIC ACADEMY,CHICAGO PUBLIC SCHOOLS,August 2010,63731,13453,https://gisapps.cityofchicago.org/gisimages/Greenroofs/VR_113.pdf,41.76477919,-87.70723572,"(41.76477919, -87.70723572)"
343,24,S,MORGAN,ST,24-24 S MORGAN ST,PURE, ,August 2010,18707,2610,https://gisapps.cityofchicago.org/gisimages/Greenroofs/VR_343.pdf,41.88113741,-87.65242896,"(41.88113741, -87.65242896)"
124,2320,W,113TH,PL,2320-2320 W 113TH PL,WASHINGTON & JANE SMITH HOME, ,August 2010,104006,15468,https://gisapps.cityofchicago.org/gisimages/Greenroofs/VR_124.pdf,41.68781485,-87.67965631,"(41.68781485, -87.67965631)"
356,3231,N,SPRINGFIELD,AVE,3231-3231 N SPRINGFIELD AVE,LORCA SCHOOL, ,August 2010,38316,31480,https://gisapps.cityofchicago.org/gisimages/Greenroofs/VR_356.pdf,41.94009155,-87.72421011,"(41.94009155, -87.72421011)"
195,724,W,64TH,ST,724-724 W 64TH ST, , ,August 2010,75446,26821,https://gisapps.cityofchicago.org/gisimages/Greenroofs/VR_195.pdf,41.77836142,-87.64362197,"(41.77836142, -87.64362197)"
146,600,N,FAIRBANKS,CT,600-600 N FAIRBANKS CT,600 NORTH FAIRBANKS, ,August 2010,31860,4479,https://gisapps.cityofchicago.org/gisimages/Greenroofs/VR_146.pdf,41.89309882,-87.62064955,"(41.89309882, -87.62064955)"
048,1209,W,ARTHUR,AVE,1209-1209 W ARTHUR AVE, , ,August 2010,23077,2013,https://gisapps.cityofchicago.org/gisimages/Greenroofs/VR_048.pdf,42.00002559,-87.66089751,"(42.00002559, -87.66089751)"
063,2039,W,ROSCOE,ST,2039-2041 W ROSCOE ST, , ,August 2010,6428,1149,https://gisapps.cityofchicago.org/gisimages/Greenroofs/VR_063.pdf,41.94297946,-87.67996764,"(41.94297946, -87.67996764)"
296,32,S,SANGAMON,ST,32-32 S SANGAMON ST, , ,August 2010,22312,15929,https://gisapps.cityofchicago.org/gisimages/Greenroofs/VR_296.pdf,41.8807029,-87.6513503,"(41.8807029, -87.6513503)"
018,2707,N,CICERO,AVE,2707-2707 N CICERO AVE, , ,August 2010,11621,5858,https://gisapps.cityofchicago.org/gisimages/Greenroofs/VR_018.pdf,41.93013473,-87.74618559,"(41.93013473, -87.74618559)"
283,460,E,OHIO,ST,460-460 E OHIO ST, , ,August 2010,46223,7707,https://gisapps.cityofchicago.org/gisimages/Greenroofs/VR_283.pdf,41.89309558,-87.61528349,"(41.89309558, -87.61528349)"
151,240,E,ILLINOIS,ST,240-240 E ILLINOIS ST,THE FAIRBANKS AT CITYFRONT PLAZA, ,August 2010,42920,10731,https://gisapps.cityofchicago.org/gisimages/Greenroofs/VR_151.pdf,41.89129598,-87.6206695,"(41.89129598, -87.6206695)"
096,2606,W,MADISON,ST,2606-2606 W MADISON ST, , ,August 2010,29692,11285,https://gisapps.cityofchicago.org/gisimages/Greenroofs/VR_096.pdf,41.88145416,-87.69072999,"(41.88145416, -87.69072999)"
328,4239,N,OAK PARK,AVE,4239-4239 N OAK PARK AVE, , ,October 2010,21904,19999,https://gisapps.cityofchicago.org/gisimages/Greenroofs/VR_328.pdf,41.95759616,-87.7966515,"(41.95759616, -87.7966515)"
264,1235,S,STATE,ST,1235-1255 S STATE ST, , ,August 2010,32168,5451,https://gisapps.cityofchicago.org/gisimages/Greenroofs/VR_264.pdf,41.86619875,-87.62670489,"(41.86619875, -87.62670489)"
311,4245,N,OAK PARK,AVE,4245-4245 N OAK PARK AVE, , ,October 2010,15022,5166,https://gisapps.cityofchicago.org/gisimages/Greenroofs/VR_311.pdf,41.95846174,-87.79689793,"(41.95846174, -87.79689793)"
050,1027,W,LOYOLA,AVE,1027-1027 W LOYOLA AVE, , ,August 2010,20399,3439,https://gisapps.cityofchicago.org/gisimages/Greenroofs/VR_050.pdf,42.00019898,-87.65631535,"(42.00019898, -87.65631535)"
067,3614,N,SOUTHPORT,AVE,3614-3636 N SOUTHPORT AVE, , ,August 2010,46445,38045,https://gisapps.cityofchicago.org/gisimages/Greenroofs/VR_067.pdf,41.9481668,-87.66437624,"(41.9481668, -87.66437624)"
200,6400,S,DANTE,AVE,6400-6434 S DANTE AVE, , ,August 2010,55861,5324,https://gisapps.cityofchicago.org/gisimages/Greenroofs/VR_200.pdf,41.77781145,-87.58977074,"(41.77781145, -87.58977074)"
178,1,W,SUPERIOR,ST,1-33 W SUPERIOR ST,ONE SUPERIOR PLACE, ,August 2010,73130,7172,https://gisapps.cityofchicago.org/gisimages/Greenroofs/VR_178.pdf,41.89532593,-87.62890355,"(41.89532593, -87.62890355)"
183,1004,N,CLARK,ST,1004-1030 N CLARK ST,GOLD COAST GALLERIA, ,August 2010,50066,6193,https://gisapps.cityofchicago.org/gisimages/Greenroofs/VR_183.pdf,41.90110896,-87.63174557,"(41.90110896, -87.63174557)"
332,2320,E,93RD,ST,2320-2342 E 93RD ST,ADVOCATE TRINITY HOSPITAL, ,September 2010,106836,3873,https://gisapps.cityofchicago.org/gisimages/Greenroofs/VR_332.pdf,41.72677484,-87.5666724,"(41.72677484, -87.5666724)"
016,3927,W,BELMONT,AVE,3927-3927 W BELMONT AVE, , ,August 2010,3386,1396,https://gisapps.cityofchicago.org/gisimages/Greenroofs/VR_016.pdf,41.93897974,-87.72568721,"(41.93897974, -87.72568721)"
128,812,W,ADDISON,ST,812-830 W ADDISON ST, , ,August 2010,35728,33675,https://gisapps.cityofchicago.org/gisimages/Greenroofs/VR_128.pdf,41.94782883,-87.65031917,"(41.94782883, -87.65031917)"
339,0, ,OHARE BLDG 3, ,0-0   OHARE BLDG 3, , ,October 2010,39934,4107,https://gisapps.cityofchicago.org/gisimages/Greenroofs/VR_339.pdf,41.96033246,-87.92317345,"(41.96033246, -87.92317345)"
031,4041,W,ROOSEVELT,RD,4041-4041 W ROOSEVELT RD, , ,August 2010,13912,558,https://gisapps.cityofchicago.org/gisimages/Greenroofs/VR_031.pdf,41.86591166,-87.72724603,"(41.86591166, -87.72724603)"
337,0, ,OHARE BLDG 1, ,0-0   OHARE BLDG 1, , ,October 2010,184193,176272,https://gisapps.cityofchicago.org/gisimages/Greenroofs/VR_337.pdf,41.96246622,-87.92436577,"(41.96246622, -87.92436577)"
155,1639,N,LASALLE,ST,1639-1639 N LASALLE ST, , ,August 2010,13991,8162,https://gisapps.cityofchicago.org/gisimages/Greenroofs/VR_155.pdf,41.91231433,-87.63275444,"(41.91231433, -87.63275444)"
011,3615,N,CENTRAL,AVE,3615-3615 N CENTRAL AVE, , ,August 2010,11335,7698,https://gisapps.cityofchicago.org/gisimages/Greenroofs/VR_011.pdf,41.94652376,-87.76649533,"(41.94652376, -87.76649533)"
072,1821,N,FAIRFIELD,AVE,1821-1821 N FAIRFIELD AVE, , ,August 2010,1286,724,https://gisapps.cityofchicago.org/gisimages/Greenroofs/VR_072.pdf,41.91456315,-87.6956078,"(41.91456315, -87.6956078)"
176,20,E,CHICAGO,AVE,20-24 E CHICAGO AVE, , ,August 2010,7174,1494,https://gisapps.cityofchicago.org/gisimages/Greenroofs/VR_176.pdf,41.89694905,-87.62732467,"(41.89694905, -87.62732467)"
315,1616,S,STATE,ST,1616-1616 S STATE ST, , ,August 2010,36054,20726,https://gisapps.cityofchicago.org/gisimages/Greenroofs/VR_315.pdf,41.85972617,-87.62777831,"(41.85972617, -87.62777831)"
144,300,N,LA SALLE,ST,300-300 N LA SALLE ST,300 NORTH LASALLE, ,August 2010,38910,11898,https://gisapps.cityofchicago.org/gisimages/Greenroofs/VR_144.pdf,41.88823601,-87.63295606,"(41.88823601, -87.63295606)"
043,6738,N,RAVENSWOOD,AVE,6738-6738 N RAVENSWOOD AVE, , ,August 2010,29054,8677,https://gisapps.cityofchicago.org/gisimages/Greenroofs/VR_043.pdf,42.00000435,-87.67618389,"(42.00000435, -87.67618389)"
251,78,E,BALBO,AVE,78-78 E BALBO AVE,BLACKSTONE HOTEL, ,August 2010,23006,1049,https://gisapps.cityofchicago.org/gisimages/Greenroofs/VR_251.pdf,41.8733854,-87.62479328,"(41.8733854, -87.62479328)"
232,4489,W,45TH,ST,4489-4489 W 45TH ST, , ,August 2010,7542,2583,https://gisapps.cityofchicago.org/gisimages/Greenroofs/VR_232.pdf,41.81330894,-87.62676197,"(41.81330894, -87.62676197)"
100,2750,W,ROOSEVELT,RD,2750-2750 W ROOSEVELT RD,CHICAGO CHRISTIAN INDUSTRIAL LEAGUE, ,August 2010,35240,3260,https://gisapps.cityofchicago.org/gisimages/Greenroofs/VR_100.pdf,41.86680004,-87.69519057,"(41.86680004, -87.69519057)"
087,1152,W,BLACKHAWK,ST,1152-1152 W BLACKHAWK ST, , ,August 2010,91544,22069,https://gisapps.cityofchicago.org/gisimages/Greenroofs/VR_087.pdf,41.90859462,-87.65586608,"(41.90859462, -87.65586608)"
204,6739,S,CHAMPLAIN,AVE,6739-6739 S CHAMPLAIN AVE, , ,August 2010,1349,905,https://gisapps.cityofchicago.org/gisimages/Greenroofs/VR_204.pdf,41.77191658,-87.60908117,"(41.77191658, -87.60908117)"
219,659,E,38TH,PL,659-659 E 38TH PL, , ,August 2010,5068,1310,https://gisapps.cityofchicago.org/gisimages/Greenroofs/VR_219.pdf,41.8250689,-87.61099933,"(41.8250689, -87.61099933)"
105,1445,W,21ST,PL,1445-1445 W 21ST PL, , ,August 2010,33583,15561,https://gisapps.cityofchicago.org/gisimages/Greenroofs/VR_105.pdf,41.8527686,-87.66290463,"(41.8527686, -87.66290463)"
320,7001,W,59TH,ST,7001-7001 W 59TH ST, , ,October 2010,11929,3364,https://gisapps.cityofchicago.org/gisimages/Greenroofs/VR_320.pdf,41.78453836,-87.79617584,"(41.78453836, -87.79617584)"
040,2050,W,PETERSON,AVE,2050-2126 W PETERSON AVE, , ,August 2010,156788,62797,https://gisapps.cityofchicago.org/gisimages/Greenroofs/VR_040.pdf,41.99129486,-87.68254528,"(41.99129486, -87.68254528)"
305,3742,S,VINCENNES,AVE,3742-3742 S VINCENNES AVE, , ,August 2010,3384,1060,https://gisapps.cityofchicago.org/gisimages/Greenroofs/VR_305.pdf,41.82598825,-87.6123135,"(41.82598825, -87.6123135)"
026,224,N,CENTRAL,AVE,224-224 N CENTRAL AVE, , ,August 2010,48577,2924,https://gisapps.cityofchicago.org/gisimages/Greenroofs/VR_026.pdf,41.88511265,-87.76636644,"(41.88511265, -87.76636644)"
259,1454,S,MICHIGAN,AVE,1454-1464 S MICHIGAN AVE,MARQUEE MICHIGAN AVENUE, ,August 2010,30185,7356,https://gisapps.cityofchicago.org/gisimages/Greenroofs/VR_259.pdf,41.86228407,-87.62469954,"(41.86228407, -87.62469954)"
159,801,W,NORTH,BLVD,801-801 W NORTH BLVD, , ,August 2010,8278,6227,https://gisapps.cityofchicago.org/gisimages/Greenroofs/VR_159.pdf,41.91062274,-87.64848594,"(41.91062274, -87.64848594)"
352,29,S,WABASH,AVE,29-29 S WABASH AVE, , ,August 2010,26072,4169,https://gisapps.cityofchicago.org/gisimages/Greenroofs/VR_352.pdf,41.88139153,-87.62570792,"(41.88139153, -87.62570792)"
187,850,W,116TH,ST,850-850 W 116TH ST, , ,August 2010,48521,36004,https://gisapps.cityofchicago.org/gisimages/Greenroofs/VR_187.pdf,41.683785,-87.64376897,"(41.683785, -87.64376897)"
055,2727,W,WINONA,ST,2727-2727 W WINONA ST, , ,August 2010,36725,6381,https://gisapps.cityofchicago.org/gisimages/Greenroofs/VR_055.pdf,41.97443051,-87.69700779,"(41.97443051, -87.69700779)"
115,7486,S,ROCKWELL,ST,7486-7486 S ROCKWELL ST, , ,August 2010,15036,5978,https://gisapps.cityofchicago.org/gisimages/Greenroofs/VR_115.pdf,41.75815521,-87.68851997,"(41.75815521, -87.68851997)"
172,171,N,WABASH,AVE,171-185 N WABASH AVE, , ,August 2010,11904,2191,https://gisapps.cityofchicago.org/gisimages/Greenroofs/VR_172.pdf,41.88577563,-87.62572167,"(41.88577563, -87.62572167)"
140,567,W,LAKE,ST,567-567 W LAKE ST, , ,August 2010,32097,30121,https://gisapps.cityofchicago.org/gisimages/Greenroofs/VR_140.pdf,41.88539594,-87.64223325,"(41.88539594, -87.64223325)"
023,5429,W,LAKE,ST,5429-5429 W LAKE ST, , ,August 2010,10468,7017,https://gisapps.cityofchicago.org/gisimages/Greenroofs/VR_023.pdf,41.88698766,-87.7615242,"(41.88698766, -87.7615242)"
008,1466,N,HALSTED,ST,1466-1466 N HALSTED ST,R.E.I. Store, ,August 2010,64084,13647,https://gisapps.cityofchicago.org/gisimages/Greenroofs/VR_008.pdf,41.90808464,-87.64853878,"(41.90808464, -87.64853878)"
075,2620,W,WASHINGTON,BLVD,2620-2620 W WASHINGTON BLVD, , ,August 2010,19687,7693,https://gisapps.cityofchicago.org/gisimages/Greenroofs/VR_075.pdf,41.88336577,-87.6919998,"(41.88336577, -87.6919998)"
291,550,W,ADAMS,ST,550-550 W ADAMS ST, , ,August 2010,25610,15446,https://gisapps.cityofchicago.org/gisimages/Greenroofs/VR_291.pdf,41.87950653,-87.64176272,"(41.87950653, -87.64176272)"
120,1400,W,63RD,ST,1400-1400 W 63RD ST, , ,August 2010,24946,18713,https://gisapps.cityofchicago.org/gisimages/Greenroofs/VR_120.pdf,41.77979591,-87.66014556,"(41.77979591, -87.66014556)"
058,2822,N,KEDZIE,AVE,2822-2822 N KEDZIE AVE, , ,August 2010,1528,687,https://gisapps.cityofchicago.org/gisimages/Greenroofs/VR_058.pdf,41.93276094,-87.70773083,"(41.93276094, -87.70773083)"
236,5735,S,ELLIS,AVE,5735-5735 S ELLIS AVE,SEARLE HALL,UNIVERSITY OF CHICAGO,August 2010,15586,994,https://gisapps.cityofchicago.org/gisimages/Greenroofs/VR_236.pdf,41.79051625,-87.6006835,"(41.79051625, -87.6006835)"
247,131,S,DEARBORN,ST,131-131 S DEARBORN ST,CITADEL CENTER,BANK ONE CORPORATE CENTER,August 2010,73279,14570,https://gisapps.cityofchicago.org/gisimages/Greenroofs/VR_247.pdf,41.87984707,-87.6281307,"(41.87984707, -87.6281307)"
208,8411,S,HOLLAND,RD,8411-8411 S HOLLAND RD, , ,August 2010,153105,129816,https://gisapps.cityofchicago.org/gisimages/Greenroofs/VR_208.pdf,41.74080794,-87.6304117,"(41.74080794, -87.6304117)"
273,29,E,CONGRESS,PKWY,29-33 E CONGRESS PKWY,COLUMBIA COLLEGE, ,August 2010,25244,2407,https://gisapps.cityofchicago.org/gisimages/Greenroofs/VR_273.pdf,41.87536382,-87.62658925,"(41.87536382, -87.62658925)"
347,110,W,SUPERIOR,ST,110-116 W SUPERIOR ST,110 W SUPERIOR, ,August 2010,6196,899,https://gisapps.cityofchicago.org/gisimages/Greenroofs/VR_347.pdf,41.89592113,-87.63199711,"(41.89592113, -87.63199711)"
082,1646,N,LEAVITT,ST,1646-1646 N LEAVITT ST, , ,August 2010,2062,1541,https://gisapps.cityofchicago.org/gisimages/Greenroofs/VR_082.pdf,41.9118039,-87.68265902,"(41.9118039, -87.68265902)"
215,3859,S,VINCENNES,AVE,3859-3859 S VINCENNES AVE, , ,August 2010,5093,1793,https://gisapps.cityofchicago.org/gisimages/Greenroofs/VR_215.pdf,41.82455483,-87.61216815,"(41.82455483, -87.61216815)"
288,1260,W,ADAMS,ST,1260-1260 W ADAMS ST,SKINNER SCHOOL, ,August 2010,39957,5603,https://gisapps.cityofchicago.org/gisimages/Greenroofs/VR_288.pdf,41.87931986,-87.65879355,"(41.87931986, -87.65879355)"
152,5,E,GOETHE,ST,5-5 E GOETHE ST, , ,August 2010,19017,4498,https://gisapps.cityofchicago.org/gisimages/Greenroofs/VR_152.pdf,41.90555922,-87.62622706,"(41.90555922, -87.62622706)"
301,10,E,DELAWARE,PL,10-10 E DELAWARE PL, , ,August 2010,11138,2968,https://gisapps.cityofchicago.org/gisimages/Greenroofs/VR_301.pdf,41.89931967,-87.62787408,"(41.89931967, -87.62787408)"
316,5706,W,LAKE,ST,5706-5706 W LAKE ST, , ,August 2010,8446,2978,https://gisapps.cityofchicago.org/gisimages/Greenroofs/VR_316.pdf,41.88819948,-87.76794405,"(41.88819948, -87.76794405)"
036,6700,N,WHIPPLE,ST,6700-6700 N WHIPPLE ST,WEST RIDGE SCHOOL, ,August 2010,40040,19231,https://gisapps.cityofchicago.org/gisimages/Greenroofs/VR_036.pdf,42.00267713,-87.70609349,"(42.00267713, -87.70609349)"
169,78,E,WASHINGTON,ST,78-78 E WASHINGTON ST,CHICAGO CULTURAL CENTER, ,August 2010,56605,25348,https://gisapps.cityofchicago.org/gisimages/Greenroofs/VR_169.pdf,41.88399508,-87.6249077,"(41.88399508, -87.6249077)"
263,1237,S,MICHIGAN,AVE,1237-1255 S MICHIGAN AVE,SKY55, ,August 2010,43753,9524,https://gisapps.cityofchicago.org/gisimages/Greenroofs/VR_263.pdf,41.86652666,-87.62336406,"(41.86652666, -87.62336406)"
147,300,E,ONTARIO,ST,300-330 E ONTARIO ST, , ,August 2010,32581,3133,https://gisapps.cityofchicago.org/gisimages/Greenroofs/VR_147.pdf,41.89384615,-87.61982136,"(41.89384615, -87.61982136)"
030,645,S,CENTRAL,AVE,645-645 S CENTRAL AVE,LORETTO HOSPITAL, ,August 2010,39720,1065,https://gisapps.cityofchicago.org/gisimages/Greenroofs/VR_030.pdf,41.87217559,-87.76290827,"(41.87217559, -87.76290827)"
051,1122,W,CATALPA,AVE,1122-1124 W CATALPA AVE, , ,August 2010,25447,6236,https://gisapps.cityofchicago.org/gisimages/Greenroofs/VR_051.pdf,41.98240533,-87.65906007,"(41.98240533, -87.65906007)"
191,1000,E,87TH,ST,1000-1000 E 87TH ST,SOFT SHEEN PRODUCTS, ,August 2010,46977,2068,https://gisapps.cityofchicago.org/gisimages/Greenroofs/VR_191.pdf,41.73698258,-87.59928444,"(41.73698258, -87.59928444)"
184,190,E,WALTON,PL,190-190 E WALTON PL,THE REGENT, ,August 2010,9509,3568,https://gisapps.cityofchicago.org/gisimages/Greenroofs/VR_184.pdf,41.90029014,-87.62220777,"(41.90029014, -87.62220777)"
019,6460,W,FULLERTON,AVE,6460-6460 W FULLERTON AVE, , ,August 2010,14874,3471,https://gisapps.cityofchicago.org/gisimages/Greenroofs/VR_019.pdf,41.92401285,-87.7880221,"(41.92401285, -87.7880221)"
274,710,S,CLARK,ST,710-730 S CLARK ST,BURNHAM POINTE, ,August 2010,32919,4424,https://gisapps.cityofchicago.org/gisimages/Greenroofs/VR_274.pdf,41.87310118,-87.63083662,"(41.87310118, -87.63083662)"
306,2636,W,NORTH,AVE,2636-2644 W NORTH AVE, , ,August 2010,11863,4616,https://gisapps.cityofchicago.org/gisimages/Greenroofs/VR_306.pdf,41.91050464,-87.69367167,"(41.91050464, -87.69367167)"
211,651,E,37TH,ST,651-651 E 37TH ST, , ,August 2010,6451,2169,https://gisapps.cityofchicago.org/gisimages/Greenroofs/VR_211.pdf,41.82728512,-87.60951046,"(41.82728512, -87.60951046)"
327,5430,N,SHERIDAN,RD,5430-5430 N SHERIDAN RD, , ,August 2010,13459,6802,https://gisapps.cityofchicago.org/gisimages/Greenroofs/VR_327.pdf,41.9809958,-87.65550004,"(41.9809958, -87.65550004)"
108,5400,S,ST LOUIS,AVE,5400-5400 S ST LOUIS AVE,SOLORIO HIGH SCHOOL, ,August 2010,96358,41935,https://gisapps.cityofchicago.org/gisimages/Greenroofs/VR_108.pdf,41.7949852,-87.71170189,"(41.7949852, -87.71170189)"
240,3120,S,HALSTED,ST,3120-3138 S HALSTED ST,9TH DISTRICT POLICE STATION, ,August 2010,25045,21037,https://gisapps.cityofchicago.org/gisimages/Greenroofs/VR_240.pdf,41.83697483,-87.64655619,"(41.83697483, -87.64655619)"
243,2013,S,MORGAN,ST,2013-2013 S MORGAN ST, , ,August 2010,8018,4076,https://gisapps.cityofchicago.org/gisimages/Greenroofs/VR_243.pdf,41.85460977,-87.65029146,"(41.85460977, -87.65029146)"
004,445,N,SACRAMENTO,BLVD,445-445 N SACRAMENTO BLVD, , ,August 2010,14733,2962,https://gisapps.cityofchicago.org/gisimages/Greenroofs/VR_004.pdf,41.88949181,-87.70106869,"(41.88949181, -87.70106869)"
295,233,E,SUPERIOR,ST,233-233 E SUPERIOR ST,OLSON PAVILION/MCGAW PAVILION/HEALTH SC,NORTHWESTERN UNIVERSITY,August 2010,47831,2969,https://gisapps.cityofchicago.org/gisimages/Greenroofs/VR_295.pdf,41.89524788,-87.6207027,"(41.89524788, -87.6207027)"
127,3630,N,HALSTED,ST,3630-3656 N HALSTED ST, , ,August 2010,44423,4682,https://gisapps.cityofchicago.org/gisimages/Greenroofs/VR_127.pdf,41.94831394,-87.64975524,"(41.94831394, -87.64975524)"
137,520,N,KINGSBURY,ST,520-520 N KINGSBURY ST,KINGSBURY PLAZA, ,August 2010,33840,16324,https://gisapps.cityofchicago.org/gisimages/Greenroofs/VR_137.pdf,41.89103766,-87.63988434,"(41.89103766, -87.63988434)"
342,1701,E,95TH,ST,1701-1701 E 95TH ST, , ,September 2010,7888,2606,https://gisapps.cityofchicago.org/gisimages/Greenroofs/VR_342.pdf,41.72186408,-87.58144528,"(41.72186408, -87.58144528)"
269,430,W,ROOSEVELT,RD,430-430 W ROOSEVELT RD, , ,August 2010,5194,3515,https://gisapps.cityofchicago.org/gisimages/Greenroofs/VR_269.pdf,41.8675154,-87.6387545,"(41.8675154, -87.6387545)"
359,521,E,38TH,ST,521-521 E 38TH ST, , ,August 2010,5028,2030,https://gisapps.cityofchicago.org/gisimages/Greenroofs/VR_359.pdf,41.82594931,-87.61354305,"(41.82594931, -87.61354305)"
079,1959,W,MAYPOLE,AVE,1959-1959 W MAYPOLE AVE, , ,August 2010,10968,3706,https://gisapps.cityofchicago.org/gisimages/Greenroofs/VR_079.pdf,41.88429984,-87.67568531,"(41.88429984, -87.67568531)"
196,725,W,64TH,ST,725-725 W 64TH ST, , ,August 2010,52590,39943,https://gisapps.cityofchicago.org/gisimages/Greenroofs/VR_196.pdf,41.77751856,-87.64356135,"(41.77751856, -87.64356135)"
095,3948,W,24TH,ST,3948-3958 W 24TH ST, , ,August 2010,15981,14249,https://gisapps.cityofchicago.org/gisimages/Greenroofs/VR_095.pdf,41.84834867,-87.72366815,"(41.84834867, -87.72366815)"
284,440,N,MC CLURG,CT,440-480 N MC CLURG CT,CITYVIEW, ,August 2010,80039,20805,https://gisapps.cityofchicago.org/gisimages/Greenroofs/VR_284.pdf,41.89026006,-87.61824604,"(41.89026006, -87.61824604)"
333,1700,E,95TH,ST,1700-1700 E 95TH ST, , ,September 2010,3440,745,https://gisapps.cityofchicago.org/gisimages/Greenroofs/VR_333.pdf,41.72194529,-87.58253226,"(41.72194529, -87.58253226)"
132,505,N,LAKE SHORE,DRIVE,505-505 N LAKE SHORE DRIVE,LAKE POINT TOWER, ,August 2010,125502,89772,https://gisapps.cityofchicago.org/gisimages/Greenroofs/VR_132.pdf,41.8915821,-87.61286909,"(41.8915821, -87.61286909)"
047,6034,N,BROADWAY, ,6034-6034 N BROADWAY, , ,August 2010,3857,1078,https://gisapps.cityofchicago.org/gisimages/Greenroofs/VR_047.pdf,41.99195424,-87.66078016,"(41.99195424, -87.66078016)"
015,3127,N,PULASKI,RD,3127-3127 N PULASKI RD, , ,August 2010,25502,20947,https://gisapps.cityofchicago.org/gisimages/Greenroofs/VR_015.pdf,41.93842846,-87.72678405,"(41.93842846, -87.72678405)"
164,679,N,KINGSBURY,ST,679-679 N KINGSBURY ST, , ,August 2010,21486,4571,https://gisapps.cityofchicago.org/gisimages/Greenroofs/VR_164.pdf,41.89435605,-87.64089522,"(41.89435605, -87.64089522)"
201,7131,S,CHICAGO,AVE,7131-7131 S CHICAGO AVE, , ,August 2010,23444,14162,https://gisapps.cityofchicago.org/gisimages/Greenroofs/VR_201.pdf,41.76522958,-87.60400998,"(41.76522958, -87.60400998)"
068,4449,N,BROADWAY,ST,4449-4449 N BROADWAY ST, , ,August 2010,94241,58788,https://gisapps.cityofchicago.org/gisimages/Greenroofs/VR_068.pdf,41.96292343,-87.65658878,"(41.96292343, -87.65658878)"
062,2310,W,LOGAN,BLVD,2310-2310 W LOGAN BLVD, , ,August 2010,41026,7256,https://gisapps.cityofchicago.org/gisimages/Greenroofs/VR_062.pdf,41.93047443,-87.68584661,"(41.93047443, -87.68584661)"
179,600,N,CLARK,ST,600-620 N CLARK ST, , ,August 2010,16539,3761,https://gisapps.cityofchicago.org/gisimages/Greenroofs/VR_179.pdf,41.89276255,-87.63155043,"(41.89276255, -87.63155043)"
278,845,W,HARRISON,ST,845-845 W HARRISON ST,UIC ART/ARCHITECTURE BLDG, ,August 2010,30456,3836,https://gisapps.cityofchicago.org/gisimages/Greenroofs/VR_278.pdf,41.87367952,-87.64889882,"(41.87367952, -87.64889882)"
091,1237,W,FULLERTON,AVE,1237-1237 W FULLERTON AVE, , ,August 2010,44190,13140,https://gisapps.cityofchicago.org/gisimages/Greenroofs/VR_091.pdf,41.92494696,-87.65997776,"(41.92494696, -87.65997776)"
112,4158,S,ASHLAND,AVE,4158-4158 S ASHLAND AVE,MC'DONALDS, ,August 2010,4914,3840,https://gisapps.cityofchicago.org/gisimages/Greenroofs/VR_112.pdf,41.81793308,-87.66576636,"(41.81793308, -87.66576636)"
255,2221,S,STATE,ST,2221-2221 S STATE ST, , ,August 2010,6959,3858,https://gisapps.cityofchicago.org/gisimages/Greenroofs/VR_255.pdf,41.85210733,-87.62675723,"(41.85210733, -87.62675723)"
228,3726,S,VINCENNES,AVE,3726-3726 S VINCENNES AVE, , ,August 2010,17519,4140,https://gisapps.cityofchicago.org/gisimages/Greenroofs/VR_228.pdf,41.82711346,-87.61144965,"(41.82711346, -87.61144965)"
323,1715,N,DAMEN,AVE,1715-1715 N DAMEN AVE, , ,August 2010,4159,956,https://gisapps.cityofchicago.org/gisimages/Greenroofs/VR_323.pdf,41.91286175,-87.67710425,"(41.91286175, -87.67710425)"
338,0, ,OHARE BLDG 2, ,0-0   OHARE BLDG 2, , ,October 2010,12315,11608,https://gisapps.cityofchicago.org/gisimages/Greenroofs/VR_338.pdf,41.96190697,-87.92298687,"(41.96190697, -87.92298687)"
